rid,Q1,Q2,Q3,Q4,Q5,Q6,code,note
R00004,low,unclear,unclear,low,high,unclear,,single run; test sizes not stated in text
R00015,low,unclear,low,low,high,high,,"data on request; s.d. across classes, not runs"
R00056,low,unclear,low,low,high,unclear,,county-level; single run per year
R00057,low,unclear,low,low,high,low,https://github.com/MrTalhaIlyas/ARUFE,target-test learning curves plotted; selection on target unclear
R00073,low,low,low,low,unclear,low,https://github.com/Sina-Mohammadi/CropSupervision,early stopping on 5-fold split of training data
R00082,low,low,low,low,high,low,https://github.com/ATDehkordi/Stack_ensemble_GEE,ID = held-out 2021 GT
R00097,low,unclear,unclear,low,high,low,https://github.com/JunfengGaolab/weed-mapping-with-cross-domain-learning-,
R00098,low,unclear,low,low,high,high,,oracle = lab+field training tested on field
R00121,low,unclear,low,low,high,low,https://github.com/IyatomiLab/LeafGAN,
R00131,low,unclear,unclear,low,high,low,https://github.com/Orion-AI-Lab/S4A,ID model trained on pooled data (CV-scheme comparison)
R00177,low,high,unclear,low,low,low,https://github.com/cvar-upm/tropical_plant_counting_UDA,early stopping/hyperparameters use target validation data (stated limitation)
R00206,low,unclear,low,low,low,unclear,,10 years summarised (mean/min/max)
R00223,low,unclear,high,low,high,unclear,,test sets ~95-100 images
R00259,low,high,low,low,low,low,https://github.com/jnyborg/timematch,UDA hyperparameters tuned on target validation labels of one task (DK1->FR1); source model selected on source validation
R00275,low,unclear,unclear,low,high,low,https://github.com/agroimpacts/cnn-generalization-enhancement,small validation set (4 tiles per year)
R00127,low,unclear,unclear,high,high,low,web dataset: https://doi.org/10.5281/zenodo.14051480,OOD retention >1: OOD test set easier than ID test set
R00186,low,unclear,low,low,high,unclear,,ID and OOD on identical test grids
R00200,low,unclear,low,low,high,unclear,,
R00213,unclear,unclear,unclear,low,high,unclear,,OOD plots near training plots; OOD test size not stated
R00227,low,unclear,low,low,high,unclear,,
R00244,low,unclear,low,low,low,unclear,,"500 resampling runs, SD reported"
R00301,low,unclear,low,low,high,unclear,,
R00336,low,unclear,unclear,low,high,unclear,,
R00346,low,unclear,low,low,high,low,https://github.com/hanzhu97702/ISPRS_STMA,
R00401,low,unclear,low,low,low,unclear,,
R00454,low,unclear,low,low,high,low,https://github.com/tselea/agrisen-cog,
R00484,low,unclear,low,low,high,low,https://github.com/Hzunyi/Rice-Identification,hyperparameters tuned on 2020 data
R00609,low,unclear,low,low,high,low,https://github.com/ai-pest/pest_damage_image_db,
R00635,low,unclear,low,low,low,unclear,,CV-scheme comparison
R00665,low,unclear,unclear,low,low,unclear,,ID mean±sd over runs; OOD single values
R00666,low,unclear,low,low,high,unclear,,ID = validation samples (2508)
R00692,low,high,low,low,high,unclear,,ID value is the best key-period result (optimistic selection)
R00725,low,unclear,low,low,low,low,https://github.com/tiny-smart/tasselnetv4,1-shot results with sd over runs
R00777,low,unclear,high,low,high,unclear,,Carrots and Onions have 20 images each
R00037,low,unclear,low,low,high,unclear,,
R00044,low,low,low,low,high,low,https://github.com/PRBonn/DG-CWS,target images unavailable during training
R00781,low,unclear,low,low,low,low,https://github.com/cassiofragadantas/Colza_Classif,mean over year pairs; min/max reported
