rid,study,comp,task,crop,modality,shift,shift_desc,model,metric,hib,id,ood,oracle,mit,mit_name,adapted,labels,id_n,ood_n,runs,loc,note
R00004,Lottes et al. 2018,1,W,sugar beet,RGB+NIR proximal (robot),time,Bonn 2016 -> Bonn 2017 (next season),Vanilla FCN (encoder-decoder),avg F1 object-wise (%),1,96.7,72.5,,none,,,,,,,Table V,
R00004,Lottes et al. 2018,2,W,sugar beet,RGB+NIR proximal (robot),location,Bonn -> Stuttgart farm,Vanilla FCN (encoder-decoder),avg F1 object-wise (%),1,96.7,69.3,,none,,,,,,,Table V,
R00004,Lottes et al. 2018,3,W,sugar beet,RGB+NIR proximal (robot),time,Bonn 2016 -> Bonn 2017,FCN + preprocessing + sequential module (proposed),avg F1 object-wise (%),1,96.7,72.5,,DG,illumination preprocessing + image-sequence context,86.6,0,,,,Table V,id/ood = vanilla FCN (source-only); adapted = proposed model OOD; proposed model ID 96.9
R00004,Lottes et al. 2018,4,W,sugar beet,RGB+NIR proximal (robot),location,Bonn -> Stuttgart,FCN + preprocessing + sequential module (proposed),avg F1 object-wise (%),1,96.7,69.3,,DG,illumination preprocessing + image-sequence context,92.4,0,,,,Table V,id/ood = vanilla FCN (source-only); adapted = proposed model OOD; proposed model ID 96.9
R00004,Lottes et al. 2018,5,W,sugar beet,RGB+NIR proximal (robot),biological,different crop growth stages,FCN + preprocessing + sequential module (proposed),avg F1 object-wise (%),1,96.9,92.3,,DG-only,proposed model evaluated directly (no source-only baseline with known ID),,,,,,"Tables IV, V",id/ood refer to the proposed (DG) model; no source-only result for this shift
R00015,Ramcharan et al. 2019,1,D,cassava,RGB proximal,sensor,"camera images (80/20 test split) -> mobile phone images in a new field, pronounced symptoms",SSD MobileNet,F1,1,0.79,0.54,,none,,,,20% split,120 images (742 leaflets),1,Table 2,
R00015,Ramcharan et al. 2019,2,D,cassava,RGB proximal,sensor,"camera images -> real-time mobile video, pronounced symptoms",SSD MobileNet,F1,1,0.79,0.48,,none,,,,,120 videos,1,Table 2,
R00056,Ma et al. 2021,1,Y,maize,satellite VI + weather (county),location,"GP->ETF, test year 2016 (ID = GP->GP same year)",Random forest,R2,1,0.74,0.52,0.63,none,,,,,,,Table 2,
R00056,Ma et al. 2021,2,Y,maize,satellite VI + weather (county),location,"ETF->GP, 2016",Random forest,R2,1,0.63,0.19,0.74,none,,,,,,,Table 2,
R00056,Ma et al. 2021,3,Y,maize,satellite VI + weather (county),location,"GP->ETF, 2016",DNN,R2,1,0.73,0.56,0.71,UDA,ADANN (adaptive domain-adversarial),0.68,0,,,,Table 2,
R00056,Ma et al. 2021,4,Y,maize,satellite VI + weather (county),location,"ETF->GP, 2016",DNN,R2,1,0.71,0.34,0.73,UDA,ADANN,0.73,0,,,,Table 2,
R00056,Ma et al. 2021,5,Y,maize,satellite VI + weather (county),location,"GP->ETF, 2017",Random forest,R2,1,0.75,0.54,0.51,none,,,,,,,Table 3,
R00056,Ma et al. 2021,6,Y,maize,satellite VI + weather (county),location,"ETF->GP, 2017",Random forest,R2,1,0.51,0.48,0.75,none,,,,,,,Table 3,
R00056,Ma et al. 2021,7,Y,maize,satellite VI + weather (county),location,"GP->ETF, 2017",DNN,R2,1,0.81,0.43,0.55,UDA,ADANN,0.67,0,,,,Table 3,
R00056,Ma et al. 2021,8,Y,maize,satellite VI + weather (county),location,"ETF->GP, 2017",DNN,R2,1,0.55,0.55,0.81,UDA,ADANN,0.76,0,,,,Table 3,
R00056,Ma et al. 2021,9,Y,maize,satellite VI + weather (county),location,"GP->ETF, 2018",Random forest,R2,1,0.73,0.58,0.61,none,,,,,,,Table 4,
R00056,Ma et al. 2021,10,Y,maize,satellite VI + weather (county),location,"ETF->GP, 2018",Random forest,R2,1,0.61,0.52,0.73,none,,,,,,,Table 4,
R00056,Ma et al. 2021,11,Y,maize,satellite VI + weather (county),location,"GP->ETF, 2018",DNN,R2,1,0.75,0.52,0.75,UDA,ADANN,0.73,0,,,,Table 4,
R00056,Ma et al. 2021,12,Y,maize,satellite VI + weather (county),location,"ETF->GP, 2018",DNN,R2,1,0.75,0.64,0.75,UDA,ADANN,0.77,0,,,,Table 4,
R00056,Ma et al. 2021,13,Y,maize,satellite VI + weather (county),location,"GP->ETF, 2019",Random forest,R2,1,0.76,0.49,0.54,none,,,,,,,Table 5,
R00056,Ma et al. 2021,14,Y,maize,satellite VI + weather (county),location,"ETF->GP, 2019",Random forest,R2,1,0.54,0.53,0.76,none,,,,,,,Table 5,
R00056,Ma et al. 2021,15,Y,maize,satellite VI + weather (county),location,"GP->ETF, 2019",DNN,R2,1,0.79,0.3,0.56,UDA,ADANN,0.57,0,,,,Table 5,
R00056,Ma et al. 2021,16,Y,maize,satellite VI + weather (county),location,"ETF->GP, 2019",DNN,R2,1,0.56,0.49,0.79,UDA,ADANN,0.78,0,,,,Table 5,
R00057,Ilyas et al. 2023,1,W,bean (crop) + weeds,RGB proximal,location+sensor,field S (stationary rig) -> field A (moving platform),DeepLabV3+ ResNet-101,mIoU (%),1,79.57,68.9,,none,,,,~379 images (20% of 1893),202 images,,Table 3,
R00057,Ilyas et al. 2023,2,W,bean (crop) + weeds,RGB proximal,location+sensor,S -> field B,DeepLabV3+ ResNet-101,mIoU (%),1,79.57,59.34,,none,,,,,79 images,,Table 3,
R00057,Ilyas et al. 2023,3,W,bean (crop) + weeds,RGB proximal,location+sensor,S -> field C,DeepLabV3+ ResNet-101,mIoU (%),1,79.57,40.43,,none,,,,,199 images,,Table 3,
R00057,Ilyas et al. 2023,4,W,bean (crop) + weeds,RGB proximal,location+sensor,S -> field D,DeepLabV3+ ResNet-101,mIoU (%),1,79.57,54.34,,none,,,,,157 images,,Table 3,
R00057,Ilyas et al. 2023,5,W,bean (crop) + weeds,RGB proximal,location+sensor,"S -> A, with augmentation scheduling",DeepLabV3+ ResNet-101 (aug. scheduling),mIoU (%),1,84.81,75.75,93.25,UDA,adversarial + entropy minimisation (proposed),84.2,0,,,,"Tables 4, 5",adapted model ID 83.97
R00057,Ilyas et al. 2023,6,W,bean (crop) + weeds,RGB proximal,location+sensor,"S -> B, aug. scheduling",DeepLabV3+ ResNet-101 (aug. scheduling),mIoU (%),1,84.81,69.85,83.5,UDA,proposed,73.52,0,,,,"Tables 4, 5",
R00057,Ilyas et al. 2023,7,W,bean (crop) + weeds,RGB proximal,location+sensor,"S -> C, aug. scheduling",DeepLabV3+ ResNet-101 (aug. scheduling),mIoU (%),1,84.81,56.88,61.56,UDA,proposed,61.71,0,,,,"Tables 4, 5",
R00057,Ilyas et al. 2023,8,W,bean (crop) + weeds,RGB proximal,location+sensor,"S -> D, aug. scheduling",DeepLabV3+ ResNet-101 (aug. scheduling),mIoU (%),1,84.81,60.69,83.42,UDA,proposed,74.7,0,,,,"Tables 4, 5",
R00073,Mohammadi et al. 2023,1,M,"corn, soybean",satellite time series (Landsat),location,same-site 2018 (ID) vs other-site 2018; mean of 4 local vs 12 spatial tests,DeepCropMapping (attention BiLSTM),mIoU (%),1,83.8,81.3,,none,,,,~2.6-2.9 M pixels per site-year,,,Table 2; Section 5.2 text,
R00073,Mohammadi et al. 2023,2,M,"corn, soybean",satellite time series (Landsat),location,as above,Transformer,mIoU (%),1,82.7,81.2,,none,,,,,,,Table 2; text,
R00073,Mohammadi et al. 2023,3,M,"corn, soybean",satellite time series (Landsat),location,as above,Random forest,mIoU (%),1,81.7,79.4,,none,,,,,,,Table 2; text,
R00073,Mohammadi et al. 2023,4,M,"corn, soybean",satellite time series (Landsat),location,as above,MLP,mIoU (%),1,80.1,79.5,,none,,,,,,,Table 2; text,
R00073,Mohammadi et al. 2023,5,M,"corn, soybean",satellite time series (Landsat),location,as above,3D FCN + IoU loss + supervised-contrastive middle supervision (proposed),mIoU (%),1,87.3,81.8,,DG-only,supervised contrastive middle supervision,,,,,,Table 2; text,
R00082,Hosseini et al. 2024,1,M,cropping intensity classes (wheat/maize/alfalfa systems),satellite time series (S2+L8/9),time,2021 (ID) -> 2020,"Stacked ensemble (SVM, RF, CART, GBT; MD meta-classifier)",OA (%),1,94.24,91.82,,none,,,,,3512 GT samples,,Abstract; Table 4,
R00082,Hosseini et al. 2024,2,M,cropping intensity classes,satellite time series (S2+L8/9),time,2021 (ID) -> 2022,Stacked ensemble,OA (%),1,94.24,90.97,,none,,,,,1585 GT samples,,Abstract; Table 4,
R00097,Gao et al. 2023,1,W,maize + weeds,RGB proximal -> UAV,sensor,"ground camera (Nikon) -> UAV orthomosaic (Sony, 1.78 mm GSD)",UNet,mIoU,1,0.698,0.601,,none,,,,,,,Tables 2-3,
R00097,Gao et al. 2023,2,W,maize + weeds,RGB proximal -> UAV,sensor,ground -> UAV,SegNet,mIoU,1,0.75,0.609,,none,,,,,,,Tables 2-3,
R00097,Gao et al. 2023,3,W,maize + weeds,RGB proximal -> UAV,sensor,ground -> UAV,FCN-8s,mIoU,1,0.736,0.538,,none,,,,,,,Tables 2-3,
R00097,Gao et al. 2023,4,W,maize + weeds,RGB proximal -> UAV,sensor,ground -> UAV,Proposed network without preprocessing (Proposed*),mIoU,1,0.661,0.454,,DG,preprocessing + augmentation pipeline,0.617,0,,,,Tables 2-3,adapted model ID 0.767
R00098,Guth et al. 2023,1,D,"multiple (apple, corn, potato, soybean, tomato, ...)",RGB proximal,acquisition,lab images -> field images,VGG-16,accuracy (class mean),1,0.894,0.444,0.847,none,,,,661 images,2321 images,,Table IV (derived),
R00098,Guth et al. 2023,2,D,multiple,RGB proximal,acquisition,lab -> field,Inception v3,accuracy (class mean),1,0.937,0.526,0.893,none,,,,661 images,2321 images,,Table IV (derived),
R00098,Guth et al. 2023,3,D,multiple,RGB proximal,acquisition,lab -> field,ResNet-152,accuracy (class mean),1,0.954,0.562,0.918,none,,,,661 images,2321 images,,Table IV (derived),
R00121,Cap et al. 2020,1,D,cucumber,RGB proximal,location,Dataset A farms -> Dataset B other farms,ResNet-101 (baseline),"accuracy, class average (%)",1,97.2,71.3,,DG,LeafGAN augmentation (healthy->diseased translation),78.7,0,3042 images,4389 images,,Section IV-C text; Table II,adapted model ID 97.9; vanilla CycleGAN augmentation gave 72.0 (ID 97.7)
R00131,Sykas et al. 2022,1,M,multiple (LPIS crop types),satellite time series (Sentinel-2),location,random pooled split (ID) vs Catalonia -> France,U-Net,weighted F1 (%),1,82.61,57.85,,none,,,,,,,Table III,
R00131,Sykas et al. 2022,2,M,multiple,satellite time series (Sentinel-2),location,Catalonia -> France,ConvLSTM,weighted F1 (%),1,85.18,56.56,,none,,,,,,,Table III,
R00131,Sykas et al. 2022,3,M,multiple,satellite time series (Sentinel-2),location,Catalonia -> France,ConvSTAR,weighted F1 (%),1,80.38,52.15,,none,,,,,,,Table III,
R00131,Sykas et al. 2022,4,M,multiple,satellite time series (Sentinel-2),location+time,France 2019 -> Catalonia 2020,U-Net,weighted F1 (%),1,82.61,43.54,,none,,,,,,,Table III,
R00131,Sykas et al. 2022,5,M,multiple,satellite time series (Sentinel-2),location+time,France 2019 -> Catalonia 2020,ConvLSTM,weighted F1 (%),1,85.18,40.47,,none,,,,,,,Table III,
R00131,Sykas et al. 2022,6,M,multiple,satellite time series (Sentinel-2),location+time,France 2019 -> Catalonia 2020,ConvSTAR,weighted F1 (%),1,80.38,34.45,,none,,,,,,,Table III,
R00177,Rodríguez-Vázquez et al. 2023,1,O,pineapple,UAV RGB,location,domain A -> B,counting CNN (supervised baseline),rMAE (%),0,,59.39,2.39,UDA,adversarial + domain + pseudo-label losses,2.44,0,,64 test images,mean±sd,Table 3,
R00177,Rodríguez-Vázquez et al. 2023,2,O,pineapple,UAV RGB,location,A -> C,counting CNN,rMAE (%),0,,56.93,6.43,UDA,proposed,5.94,0,,,,Table 3,
R00177,Rodríguez-Vázquez et al. 2023,3,O,pineapple,UAV RGB,location,B -> A,counting CNN,rMAE (%),0,,48.6,1.39,UDA,proposed,1.42,0,,,,Table 3,
R00177,Rodríguez-Vázquez et al. 2023,4,O,pineapple,UAV RGB,location,B -> C,counting CNN,rMAE (%),0,,87.12,3.44,UDA,proposed,6.24,0,,,,Table 3,
R00177,Rodríguez-Vázquez et al. 2023,5,O,pineapple,UAV RGB,location,C -> A,counting CNN,rMAE (%),0,,91.79,1.42,UDA,proposed,7.85,0,,,,Table 3,
R00177,Rodríguez-Vázquez et al. 2023,6,O,pineapple,UAV RGB,location,C -> B,counting CNN,rMAE (%),0,,82.95,2.16,UDA,proposed,74.85,0,,,,Table 3,
R00206,Shao et al. 2016,1,M,"corn, soybean",satellite time series (MODIS NDVI),location,3-state training region -> Kansas,Neural network (MLP),OA,1,,0.77,0.81,none,,,,,,,Table 1,kappa SG 0.49 vs benchmark 0.59
R00206,Shao et al. 2016,2,M,"corn, soybean",satellite time series (MODIS NDVI),location,-> Minnesota,Neural network (MLP),OA,1,,0.84,0.85,none,,,,,,,Table 1,kappa 0.61 vs 0.63
R00206,Shao et al. 2016,3,M,"corn, soybean",satellite time series (MODIS NDVI),location,-> Missouri,Neural network (MLP),OA,1,,0.73,0.78,none,,,,,,,Table 1,kappa 0.46 vs 0.55
R00206,Shao et al. 2016,4,M,"corn, soybean",satellite time series (MODIS NDVI),location,-> South Dakota,Neural network (MLP),OA,1,,0.82,0.83,none,,,,,,,Table 1,kappa 0.61 vs 0.64
R00223,Sapkota et al. 2022,1,W,cotton -> cotton,RGB proximal,time,Cot1 2020 -> Cot2 2021 (different conditions),YOLOv4,AP@0.5,1,0.88,0.79,,none,,,,100 images,95 images,,Table 3,
R00223,Sapkota et al. 2022,2,W,cotton -> soybean,RGB proximal,biological,"cotton -> soybean background, same date/site",YOLOv4,AP@0.5,1,0.88,0.83,,none,,,,,100 images,,Table 3,
R00223,Sapkota et al. 2022,3,W,cotton -> soybean,RGB proximal,biological+time,cotton 2020 -> soybean 2021,YOLOv4,AP@0.5,1,0.88,0.35,,none,,,,,97 images,,Table 3,
R00223,Sapkota et al. 2022,4,W,cotton -> corn,RGB proximal,biological+time,cotton 2020 -> corn 2021 (Corn1),YOLOv4,AP@0.5,1,0.88,0.72,,none,,,,,100 images,,Table 3,
R00223,Sapkota et al. 2022,5,W,cotton -> corn,RGB proximal,biological+time,cotton 2020 -> corn 2021 (Corn2),YOLOv4,AP@0.5,1,0.88,0.33,,none,,,,,,,Table 3,
R00223,Sapkota et al. 2022,6,W,cotton -> cotton,RGB proximal,time,Cot1 -> Cot2,Faster R-CNN,AP@0.5,1,0.87,0.74,,none,,,,,,,Table 3,
R00223,Sapkota et al. 2022,7,W,cotton -> soybean,RGB proximal,biological,"cotton -> soybean, same date/site",Faster R-CNN,AP@0.5,1,0.87,0.76,,none,,,,,,,Table 3,
R00223,Sapkota et al. 2022,8,W,cotton -> soybean,RGB proximal,biological+time,-> soybean 2021,Faster R-CNN,AP@0.5,1,0.87,0.6,,none,,,,,,,Table 3,
R00223,Sapkota et al. 2022,9,W,cotton -> corn,RGB proximal,biological+time,-> Corn1,Faster R-CNN,AP@0.5,1,0.87,0.62,,none,,,,,,,Table 3,
R00223,Sapkota et al. 2022,10,W,cotton -> corn,RGB proximal,biological+time,-> Corn2,Faster R-CNN,AP@0.5,1,0.87,0.39,,none,,,,,,,Table 3,
R00259,Nyborg et al. 2022,1,M,multiple crop types,satellite time series (Sentinel-2),location,Denmark (DK1) -> mid-west France (FR1),PSE-TAE (source-trained),macro F1 (%),1,,28.3,74.6,UDA,TimeMatch (temporal-shift estimation + pseudo-labels),57.4,0,,,mean±sd,Table 1,
R00259,Nyborg et al. 2022,2,M,multiple crop types,satellite time series (Sentinel-2),location,DK1 -> southern France (FR2),PSE-TAE,macro F1 (%),1,,29.0,72.4,UDA,TimeMatch,47.0,0,,,,Table 1,
R00259,Nyborg et al. 2022,3,M,multiple crop types,satellite time series (Sentinel-2),location,DK1 -> Austria (AT1),PSE-TAE,macro F1 (%),1,,43.4,86.9,UDA,TimeMatch,61.7,0,,,,Table 1,
R00259,Nyborg et al. 2022,4,M,multiple crop types,satellite time series (Sentinel-2),location,FR1 -> DK1,PSE-TAE,macro F1 (%),1,,24.9,90.6,UDA,TimeMatch,52.1,0,,,,Table 1,
R00259,Nyborg et al. 2022,5,M,multiple crop types,satellite time series (Sentinel-2),location,FR1 -> FR2,PSE-TAE,macro F1 (%),1,,70.3,85.7,UDA,TimeMatch,73.0,0,,,,Table 1,
R00275,Khallaghi et al. 2025,1,M,cropland fields,satellite (high-resolution),time,2018 -> 2019,U-Net-type CNN (baseline),"F1, field class (%)",1,68.17,38.49,,DG,photometric augmentation + MC-dropout,59.89,0,,4 tiles (2358x2358 px),,Table 2,adapted model ID 68.22
R00275,Khallaghi et al. 2025,2,M,cropland fields,satellite (high-resolution),time,2018 -> 2020,U-Net-type CNN (baseline),"F1, field class (%)",1,68.17,21.01,,DG,photometric augmentation + MC-dropout,50.77,0,,,,Table 2,
R00275,Khallaghi et al. 2025,3,M,cropland fields,satellite (high-resolution),time,2018 -> 2021,U-Net-type CNN (baseline),"F1, field class (%)",1,68.17,30.08,,DG,photometric augmentation + MC-dropout,58.57,0,,,,Table 2,
R00275,Khallaghi et al. 2025,4,M,cropland fields,satellite (high-resolution),time,2018 -> 2022,U-Net-type CNN (baseline),"F1, field class (%)",1,68.17,37.96,,DG,photometric augmentation + MC-dropout,61.26,0,,,,Table 2,
R00127,Krishna et al. 2025,1,D,multiple,RGB proximal (web images),acquisition,PlantDoc -> web-sourced images (16-class subset),ResNet50,accuracy,1,0.5508,0.6515,0.6616,none,,,,,,,"Tables 1, 3, 8",
R00127,Krishna et al. 2025,2,D,multiple,RGB proximal (web images),acquisition,PlantDoc -> web-sourced,EfficientNet-B3,accuracy,1,0.7163,0.7677,0.7777,none,,,,,,,"Tables 1, 3, 8",
R00127,Krishna et al. 2025,3,D,multiple,RGB proximal (web images),acquisition,PlantDoc -> web-sourced,DenseNet201,accuracy,1,0.7034,0.7323,0.7424,none,,,,,,,"Tables 1, 3, 8",
R00127,Krishna et al. 2025,4,D,multiple,RGB proximal (web images),acquisition,PlantDoc -> web-sourced,EfficientNet-B0,accuracy,1,0.7203,0.7374,0.7878,none,,,,,,,"Tables 1, 3, 8",
R00186,Lin et al. 2021,1,M,olive (tree crop),satellite VHR (DigitalGlobe RGB),location,"semi-arid region: site held out (region sampling) vs site seen (grid sampling), same test grids",CNN,F1,1,0.877,0.844,,none,,,,3817 samples,3817 samples,,Tables 4-5,OA 0.943 vs 0.927
R00186,Lin et al. 2021,2,M,olive (tree crop),satellite VHR (DigitalGlobe RGB),location,"sub-humid region: site held out vs seen, same test grids",CNN,F1,1,0.901,0.882,,none,,,,2045 samples,2045 samples,,Tables 4-5,OA 0.924 vs 0.909
R00200,He et al. 2019,1,M,winter wheat,satellite time series (MODIS),location,training parts -> geographic part 4,Random forest,F1,1,0.715,0.693,,none,,,,,,,Table 6,total accuracy 0.906 -> 0.845
R00200,He et al. 2019,2,M,winter wheat,satellite time series (MODIS),location,-> part 5,Random forest,F1,1,0.715,0.671,,none,,,,,,,Table 6,
R00200,He et al. 2019,3,M,winter wheat,satellite time series (MODIS),location,-> part 6,Random forest,F1,1,0.715,0.667,,none,,,,,,,Table 6,
R00200,He et al. 2019,4,M,winter wheat,satellite time series (MODIS),location,-> part 7,Random forest,F1,1,0.715,0.529,,none,,,,,,,Table 6,
R00200,He et al. 2019,5,M,winter wheat,satellite time series (MODIS),location,-> part 8 (few wheat pixels),Random forest,F1,1,0.715,0.13,,none,,,,,,,Table 6,total accuracy 0.972 because of class imbalance
R00213,Pan et al. 2021,1,D,wheat,UAV RGB,location,"training plots -> other plots, same date",PSPNet,accuracy (%),1,98,98,,none,,,,,,,Table 1; Section 4.2,
R00227,Ban et al. 2022,1,P,rice,UAV hyperspectral/multispectral,location+sensor,Ningxia (hyperspectral) -> Shanghai (multispectral),PLSR,R2,1,0.81,0.71,,none,,,,Ningxia validation subset,228 samples,,Tables 6-7,RMSE 4.00 -> 6.21
R00227,Ban et al. 2022,2,P,rice,UAV hyperspectral/multispectral,location+sensor,Ningxia -> Shanghai,SVR,R2,1,0.86,0.69,,none,,,,,,,Tables 6-7,RMSE 3.48 -> 6.76
R00227,Ban et al. 2022,3,P,rice,UAV hyperspectral/multispectral,location+sensor,Ningxia -> Shanghai,ANN,R2,1,0.86,0.12,,none,,,,,,,Tables 6-7,RMSE 3.45 -> 13.38
R00227,Ban et al. 2022,4,P,rice,UAV hyperspectral/multispectral,location+sensor,Shanghai (multispectral) -> Ningxia (hyperspectral),PLSR,R2,1,0.79,0.74,,none,,,,,180 samples,,Tables 6-7,RMSE 2.24 -> 5.45
R00227,Ban et al. 2022,5,P,rice,UAV hyperspectral/multispectral,location+sensor,Shanghai -> Ningxia,SVR,R2,1,0.86,0.14,,none,,,,,,,Tables 6-7,RMSE 2.00 -> 15.38
R00227,Ban et al. 2022,6,P,rice,UAV hyperspectral/multispectral,location+sensor,Shanghai -> Ningxia,ANN,R2,1,0.84,0.69,,none,,,,,,,Tables 6-7,RMSE 2.08 -> 5.80
R00244,Gilcher & Udelhoven 2021,1,M,maize,satellite (Sentinel-1/2),time,training tile/year -> other year,Random forest (ranger),F1,1,0.965,0.489,,none,,,,,,500,Table 4,
R00244,Gilcher & Udelhoven 2021,2,M,maize,satellite (Sentinel-1/2),location,-> other tile,Random forest (ranger),F1,1,0.965,0.679,,none,,,,,,500,Table 4,
R00244,Gilcher & Udelhoven 2021,3,M,maize,satellite (Sentinel-1/2),location+time,-> other tile and year,Random forest (ranger),F1,1,0.965,0.45,,none,,,,,,500,Table 4,
R00244,Gilcher & Udelhoven 2021,4,M,maize,satellite (Sentinel-1/2),time,-> other year,XGBoost,F1,1,0.944,0.488,,none,,,,,,500,Table 4,
R00244,Gilcher & Udelhoven 2021,5,M,maize,satellite (Sentinel-1/2),location,-> other tile,XGBoost,F1,1,0.944,0.674,,none,,,,,,500,Table 4,
R00244,Gilcher & Udelhoven 2021,6,M,maize,satellite (Sentinel-1/2),location+time,-> other tile and year,XGBoost,F1,1,0.944,0.449,,none,,,,,,500,Table 4,
R00244,Gilcher & Udelhoven 2021,7,M,maize,satellite (Sentinel-1/2),time,-> other year,FCNN,F1,1,0.853,0.553,,none,,,,,,500,Table 4,
R00244,Gilcher & Udelhoven 2021,8,M,maize,satellite (Sentinel-1/2),location,-> other tile,FCNN,F1,1,0.853,0.738,,none,,,,,,500,Table 4,
R00244,Gilcher & Udelhoven 2021,9,M,maize,satellite (Sentinel-1/2),location+time,-> other tile and year,FCNN,F1,1,0.853,0.508,,none,,,,,,500,Table 4,
R00244,Gilcher & Udelhoven 2021,10,M,maize,satellite (Sentinel-1/2),time,-> other year,U-Net,F1,1,0.875,0.612,,none,,,,,,500,Table 4,
R00244,Gilcher & Udelhoven 2021,11,M,maize,satellite (Sentinel-1/2),location,-> other tile,U-Net,F1,1,0.875,0.771,,none,,,,,,500,Table 4,
R00244,Gilcher & Udelhoven 2021,12,M,maize,satellite (Sentinel-1/2),location+time,-> other tile and year,U-Net,F1,1,0.875,0.561,,none,,,,,,500,Table 4,
R00301,Hoppe et al. 2024,1,M,"grass, maize, wheat, rye, rapeseed",satellite time series (Sentinel-2),location,"northern area -> southern area, same season","Majority voting (XGBoost, RF, SVM, SGD, MLP)",macro F1 (%),1,82.2,65.0,,none,,,,,,,Table 7 (derived),
R00336,Koike et al. 2024,1,P,tomato,RGB proximal (time series),location,one greenhouse area -> other areas,"Transformer, daily-normalised (proposed input)",R2,1,0.788,0.718,,UDA,UDAB + DAC (circadian-aware output alignment),0.755,0,,,,Tables (results; DA comparison),"global-normalised variant: ID 0.589, OOD 0.441"
R00346,Han et al. 2023,1,M,6 main crops,satellite SAR time series (Sentinel-1),location+time,S1 area 2017-18 -> S2 area 2020-21,Random forest,mean F1 over 6 crops (%),1,57.62,20.26,,none,,,,,,,"Tables 4, 7 (derived)",
R00346,Han et al. 2023,2,M,6 main crops,satellite SAR time series (Sentinel-1),location+time,as above,LSTM,mean F1 over 6 crops (%),1,72.33,29.37,,none,,,,,,,"Tables 4, 7 (derived)",
R00346,Han et al. 2023,3,M,6 main crops,satellite SAR time series (Sentinel-1),location+time,as above,ConvLSTM,mean F1 over 6 crops (%),1,77.46,35.04,,none,,,,,,,"Tables 4, 7 (derived)",
R00346,Han et al. 2023,4,M,6 main crops,satellite SAR time series (Sentinel-1),location+time,as above,3D U-Net,mean F1 over 6 crops (%),1,85.85,42.83,,none,,,,,,,"Tables 4, 7 (derived)",
R00346,Han et al. 2023,5,M,6 main crops,satellite SAR time series (Sentinel-1),location+time,as above,U-TAE,mean F1 over 6 crops (%),1,78.8,44.62,,none,,,,,,,"Tables 4, 7 (derived)",
R00346,Han et al. 2023,6,M,6 main crops,satellite SAR time series (Sentinel-1),location+time,as above,TPE-RNN,mean F1 over 6 crops (%),1,77.99,46.1,,none,,,,,,,"Tables 4, 7 (derived)",
R00346,Han et al. 2023,7,M,6 main crops,satellite SAR time series (Sentinel-1),location+time,as above,STMA (proposed),mean F1 over 6 crops (%),1,91.73,49.83,,none,,,,,,,"Tables 4, 7 (derived)",OOD value matches reported mF1 49.83%
R00401,Lee et al. 2025,1,D,rice,RGB proximal,acquisition,original dataset -> external image source,DenseNet121,accuracy (%),1,71,85.08,,none,,,,123 images,123 images,mean±sd,Section 4 text; Case C table,OOD easier than ID; ID value rounded in text
R00401,Lee et al. 2025,2,D,rice,RGB proximal,acquisition,original -> external,Xception,accuracy (%),1,64,64.3,,none,,,,123 images,123 images,mean±sd,Section 4 text; Case C table,
R00454,Selea 2023,1,M,multiple (LPIS),satellite time series (Sentinel-2),time,"2019 -> 2020, same AOI (mean of 5 AOIs)",LSTM (parcel barycentre),weighted F1,1,0.7996,0.6244,,none,,,,,,,Results table (derived means),AOI values ID 0.838/0.918/0.755/0.874/0.613; OOD 0.618/0.733/0.401/0.745/0.625
R00454,Selea 2023,2,M,multiple (LPIS),satellite time series (Sentinel-2),location,"other AOIs -> AOI, 2019 (mean of 5)",LSTM (parcel barycentre),weighted F1,1,0.7996,0.5272,,none,,,,,,,Results table (derived means),OOD 0.796/0.548/0.267/0.439/0.586
R00454,Selea 2023,3,M,multiple (LPIS),satellite time series (Sentinel-2),time,2019 -> 2020 (mean of 5 AOIs),U-Net (patches),weighted F1,1,0.8259,0.6668,,none,,,,,,,Results table (derived means),ID 0.889/0.956/0.793/0.951/0.541; OOD 0.664/0.762/0.584/0.768/0.556
R00454,Selea 2023,4,M,multiple (LPIS),satellite time series (Sentinel-2),location,other AOIs -> AOI (mean of 5),U-Net (patches),weighted F1,1,0.8259,0.5552,,none,,,,,,,Results table (derived means),OOD 0.835/0.607/0.444/0.329/0.561
R00484,Ma et al. 2022,1,M,rice,satellite SAR time series (Sentinel-1),time,2020 -> 2021,RIAU-Net (attention U-Net),F1 (%),1,90.89,77.24,,DG,phenology-matched image-pair transfer (date matching),80.63,0,,,,"Tables 4, 7",OA 94.88 -> 87.43 -> 89.02
R00609,Wayama et al. 2024,1,D,"cucumber, eggplant, strawberry, tomato",RGB proximal,location,same farm (ID) vs different farm (OOD) test images,CNN classifier,macro F1 (%),1,90.37,34.08,,none,,,,,,,Table 1 (derived),per-class OOD F1 3.8-57.1
R00635,Monzó et al. 2023,1,M,citrus orchards (abandonment),satellite time series (Sentinel-2),location,"random CV vs spatial CV, OLV-19 dataset",Random forest,OA,1,0.92,0.89,,none,,,,,,mean±sd,Section 3 text,
R00635,Monzó et al. 2023,2,M,citrus orchards (abandonment),satellite time series (Sentinel-2),location,"random vs spatial CV, LSF-20",Random forest,OA,1,0.96,0.94,,none,,,,,,mean±sd,Section 3 text,
R00635,Monzó et al. 2023,3,M,citrus orchards (abandonment),satellite time series (Sentinel-2),location,"random vs spatial CV, LSF-21",Random forest,OA,1,0.9,0.89,,none,,,,,,mean±sd,Section 3 text,
R00665,Zhang et al. 2026,1,O,apple,RGB proximal,location+biological,"TSAppleData -> AppleBBCH76 (other orchard, growth stage)",YOLO11,mAP50 (%),1,85.3,70.3,,none,,,,,,mean±sd (ID),"Tables 3, 5",
R00665,Zhang et al. 2026,2,O,apple,RGB proximal,location+biological,-> AppleBBCH81,YOLO11,mAP50 (%),1,85.3,79.7,,none,,,,,,,"Tables 3, 5",
R00665,Zhang et al. 2026,3,O,apple,RGB proximal,location+biological,-> AppleBBCH76,Faster R-CNN,mAP50 (%),1,82.2,46.8,,none,,,,,,,"Tables 3, 5",
R00665,Zhang et al. 2026,4,O,apple,RGB proximal,location+biological,-> AppleBBCH81,Faster R-CNN,mAP50 (%),1,82.2,66.6,,none,,,,,,,"Tables 3, 5",
R00665,Zhang et al. 2026,5,O,apple,RGB proximal,location+biological,-> AppleBBCH76,RT-DETR-18,mAP50 (%),1,84.7,70.3,,none,,,,,,,"Tables 3, 5",
R00665,Zhang et al. 2026,6,O,apple,RGB proximal,location+biological,-> AppleBBCH81,RT-DETR-18,mAP50 (%),1,84.7,79.0,,none,,,,,,,"Tables 3, 5",
R00665,Zhang et al. 2026,7,O,apple,RGB proximal,location+biological,-> AppleBBCH76,MSRRT-DETR (proposed),mAP50 (%),1,87.3,71.9,,none,,,,,,,"Tables 3, 5",
R00665,Zhang et al. 2026,8,O,apple,RGB proximal,location+biological,-> AppleBBCH81,MSRRT-DETR (proposed),mAP50 (%),1,87.3,82.5,,none,,,,,,,"Tables 3, 5",
R00666,Chen et al. 2024,1,M,cropland,satellite (Landsat),location,study-area validation -> regional robustness test,MSC-ResUNet,F1 (cropland),1,0.979,0.826,,none,,,,,,,Confusion matrices; Results text (derived ID F1),
R00666,Chen et al. 2024,2,M,cropland,satellite (Landsat),time,-> temporal transferability test,MSC-ResUNet,F1 (cropland),1,0.979,0.856,,none,,,,,,,Results text,
R00692,Li et al. 2023,1,M,wheat,satellite (Sentinel-2),time,2021 -> 2020 (2 areas x 2 dates),U-Net,F1 (%),1,69.16,72.33,,none,,,,,,,Section 3.2 text; 2020 table (derived mean),
R00692,Li et al. 2023,2,M,maize,satellite (Sentinel-2),time,2021 -> 2020,U-Net,F1 (%),1,72.68,74.53,,none,,,,,,,Section 3.2 text; 2020 table (derived mean),
R00692,Li et al. 2023,3,M,sunflower,satellite (Sentinel-2),time,2021 -> 2020,U-Net,F1 (%),1,78.13,71.53,,none,,,,,,,Section 3.2 text; 2020 table (derived mean),
R00692,Li et al. 2023,4,M,squash,satellite (Sentinel-2),time,2021 -> 2020,U-Net,F1 (%),1,71.22,70.17,,none,,,,,,,Section 3.2 text; 2020 table (derived mean),
R00725,Hu et al. 2025,1,O,multiple plant species,RGB proximal,location+biological,PAC-105 -> PAC-Somalia (exclusive species),TasselNetV4 (ViT-based counting foundation model),R2,1,0.92,0.87,,none,,,,,,,Tables 1-2,3 exemplars of target objects given at test time; MAE 16.04 -> 8.88
R00725,Hu et al. 2025,2,O,multiple plant species,RGB proximal,location+biological,PAC-105 -> PAC-Somalia,CACViT,R2,1,0.89,0.78,,none,,,,,,,Tables 1-2,
R00725,Hu et al. 2025,3,O,multiple plant species,RGB proximal,location+biological,PAC-105 -> PAC-Somalia,CountTR,R2,1,0.76,0.57,,none,,,,,,,Tables 1-2,
R00777,Roggiolani et al. 2025,1,W,sugar beet,UAV RGB,location+sensor,PhenoBench -> Sugar Beets dataset,ERFNet,mIoU (%),1,71.6,39.2,,UDA,self-training on automatically generated target labels,56.8,0,,,,Generalisation table (Sec. 4.4),
R00777,Roggiolani et al. 2025,2,W,sugar beet -> carrot,UAV -> UGV RGB,location+sensor+biological,PhenoBench -> Carrots,ERFNet,mIoU (%),1,71.6,49.1,,UDA,self-training on generated labels,49.3,0,,,,Sec. 4.4 table,
R00777,Roggiolani et al. 2025,3,W,sugar beet -> onion,UAV -> UGV RGB,location+sensor+biological,PhenoBench -> Onions,ERFNet,mIoU (%),1,71.6,31.4,,UDA,self-training on generated labels,33.4,0,,,,Sec. 4.4 table,
R00777,Roggiolani et al. 2025,4,W,sugar beet,UAV RGB,location+sensor,Sugar Beets -> PhenoBench,ERFNet,mIoU (%),1,76.6,60.2,,UDA,self-training on generated labels,63.6,0,,,,Sec. 4.4 table,
R00777,Roggiolani et al. 2025,5,W,sugar beet -> carrot,UAV -> UGV RGB,location+sensor+biological,Sugar Beets -> Carrots,ERFNet,mIoU (%),1,76.6,49.0,,UDA,self-training on generated labels,53.7,0,,,,Sec. 4.4 table,
R00777,Roggiolani et al. 2025,6,W,sugar beet -> onion,UAV -> UGV RGB,location+sensor+biological,Sugar Beets -> Onions,ERFNet,mIoU (%),1,76.6,33.2,,UDA,self-training on generated labels,37.8,0,,,,Sec. 4.4 table,
R00037,Lottes et al. 2019,1,W,sugar beet,RGB+NIR proximal (robot),location+sensor,Bonn -> Stuttgart,stem-seg FCN (no sequence module),stem detection mAP (%),1,74.4,46.5,,DG,image-sequence module (stem-seg-S),66.9,0,,,,Stem detection table,adapted model ID 85.4
R00037,Lottes et al. 2019,2,W,sugar beet,RGB+NIR proximal (robot),location+sensor,Bonn -> Ancona,stem-seg FCN (no sequence module),stem detection mAP (%),1,74.4,19.2,,DG,image-sequence module (stem-seg-S),42.9,0,,,,Stem detection table,
R00044,Weyler et al. 2023,1,W,sugar beet + weeds,"RGB proximal/UAV (multiple robots, GSDs)",location+sensor,source field -> unseen fields (mean over targets),DeepLabV3+ (conventional training),mIoU,1,0.92,0.67,0.91,DG,style transfer + sparse annotations domain-generalisation framework,0.82,0,,,,Results text; Table II,DG model source mIoU 0.90
R00781,Maleki et al. 2024,1,M,rapeseed,satellite SAR time series (Sentinel-1),time,"same year -> different year, full series (W5)",Random forest,F1 (%),1,95.1,92.0,,none,,,,,,5,Tables (same-year; cross-year),
R00781,Maleki et al. 2024,2,M,rapeseed,satellite SAR time series (Sentinel-1),time,"same -> different year, W5",InceptionTime,F1 (%),1,96.2,90.0,,none,,,,,,5,Tables,
R00781,Maleki et al. 2024,3,M,rapeseed,satellite SAR time series (Sentinel-1),time,"same -> different year, early-season window W2",Random forest,F1 (%),1,79.8,45.6,,none,,,,,,5,Tables,
R00781,Maleki et al. 2024,4,M,rapeseed,satellite SAR time series (Sentinel-1),time,"same -> different year, W2",InceptionTime,F1 (%),1,88.9,41.0,,none,,,,,,5,Tables,
R00192,Banet et al. 2024,1,P,maize (roots),RGB proximal (minirhizotron),biological,field V7 stage -> field R2 stage,CNN segmentation (V7 field model),R2 (root length vs manual),1,0.81,0.9,0.96,none,,,,,,,Tables 1-2,
R00192,Banet et al. 2024,2,P,maize (roots),RGB proximal (minirhizotron),biological,field R2 stage -> field V7 stage,CNN segmentation (R2 field model),R2 (root length vs manual),1,0.96,0.73,0.81,none,,,,,,,Tables 1-2,
R00192,Banet et al. 2024,3,P,maize (roots),RGB proximal (minirhizotron),acquisition+biological,field V7 -> greenhouse V9 (other site),CNN segmentation (V7 field model),R2 (root length vs manual),1,0.81,0.82,0.93,none,,,,,,,"Tables 1, 3",
R00192,Banet et al. 2024,4,P,maize (roots),RGB proximal (minirhizotron),acquisition,field R2 -> greenhouse R2 (other site),CNN segmentation (R2 field model),R2 (root length vs manual),1,0.96,0.6,0.61,none,,,,,,,Tables 2-3,
R00273,Abdalla et al. 2020,1,D,oilseed rape,RGB proximal (time series),time,2018/19 season -> 2017/18 season,Inceptionv3 features + LSTM,accuracy (%),1,92,92,,none,,,,,,,Results text; abstract,"ID model trained on 70% of 2018/19, OOD model on all of 2018/19"
R00475,Aarizou et al. 2026,1,D,multiple,RGB proximal,biological,PV seen species -> PV unseen species (shared disease labels),MobileNet-v3,top-1 accuracy (%),1,99.93,87.03,,none,,,,,,,Results table,
R00475,Aarizou et al. 2026,2,D,multiple,RGB proximal,acquisition,PV (lab) -> EL (field) test set,MobileNet-v3,top-1 accuracy (%),1,99.93,31.85,92.94,none,,,,,,,Results table,
R00475,Aarizou et al. 2026,3,D,multiple,RGB proximal,acquisition,PV (lab) -> PlantDoc,MobileNet-v3,top-1 accuracy (%),1,99.93,46.04,,none,,,,,,,Results table,
R00475,Aarizou et al. 2026,4,D,multiple,RGB proximal,biological,EL seen -> EL unseen species,MobileNet-v3,top-1 accuracy (%),1,98.9,91.66,,none,,,,,,,Results table,
R00475,Aarizou et al. 2026,5,D,multiple,RGB proximal,acquisition,EL (field) -> PV (lab),MobileNet-v3,top-1 accuracy (%),1,98.9,39.13,94.08,none,,,,,,,Results table,
R00475,Aarizou et al. 2026,6,D,multiple,RGB proximal,acquisition,EL (field) -> PlantDoc,MobileNet-v3,top-1 accuracy (%),1,98.9,61.68,,none,,,,,,,Results table,
R00475,Aarizou et al. 2026,7,D,multiple,RGB proximal,biological,PV seen -> PV unseen species,ShuffleNet-v2,top-1 accuracy (%),1,99.87,93.29,,none,,,,,,,Results table,
R00475,Aarizou et al. 2026,8,D,multiple,RGB proximal,acquisition,PV (lab) -> EL (field),ShuffleNet-v2,top-1 accuracy (%),1,99.87,10.74,88.14,none,,,,,,,Results table,
R00475,Aarizou et al. 2026,9,D,multiple,RGB proximal,acquisition,PV (lab) -> PlantDoc,ShuffleNet-v2,top-1 accuracy (%),1,99.87,47.28,,none,,,,,,,Results table,
R00475,Aarizou et al. 2026,10,D,multiple,RGB proximal,biological,EL seen -> EL unseen species,ShuffleNet-v2,top-1 accuracy (%),1,98.63,85.9,,none,,,,,,,Results table,
R00475,Aarizou et al. 2026,11,D,multiple,RGB proximal,acquisition,EL (field) -> PV (lab),ShuffleNet-v2,top-1 accuracy (%),1,98.63,35.11,96.89,none,,,,,,,Results table,
R00475,Aarizou et al. 2026,12,D,multiple,RGB proximal,acquisition,EL (field) -> PlantDoc,ShuffleNet-v2,top-1 accuracy (%),1,98.63,60.99,,none,,,,,,,Results table,
R00475,Aarizou et al. 2026,13,D,multiple,RGB proximal,biological,PV seen -> PV unseen species,SqueezeNet,top-1 accuracy (%),1,99.73,96.6,,none,,,,,,,Results table,
R00475,Aarizou et al. 2026,14,D,multiple,RGB proximal,acquisition,PV (lab) -> EL (field),SqueezeNet,top-1 accuracy (%),1,99.73,5.27,92.3,none,,,,,,,Results table,
R00475,Aarizou et al. 2026,15,D,multiple,RGB proximal,acquisition,PV (lab) -> PlantDoc,SqueezeNet,top-1 accuracy (%),1,99.73,35.48,,none,,,,,,,Results table,
R00475,Aarizou et al. 2026,16,D,multiple,RGB proximal,biological,EL seen -> EL unseen species,SqueezeNet,top-1 accuracy (%),1,98.26,91.03,,none,,,,,,,Results table,
R00475,Aarizou et al. 2026,17,D,multiple,RGB proximal,acquisition,EL (field) -> PV (lab),SqueezeNet,top-1 accuracy (%),1,98.26,11.25,98.31,none,,,,,,,Results table,
R00475,Aarizou et al. 2026,18,D,multiple,RGB proximal,acquisition,EL (field) -> PlantDoc,SqueezeNet,top-1 accuracy (%),1,98.26,51.41,,none,,,,,,,Results table,
R00823,Wu et al. 2026,1,D,multiple (PlantVillage),RGB proximal,biological,seen crop species -> unseen crop species,ViT,top-1 accuracy (%),1,99.34,24.78,,none,,,,,,mean±sd,Comparison table,
R00823,Wu et al. 2026,2,D,multiple (PlantVillage),RGB proximal,biological,seen -> unseen crop species,CLIP (fine-tuned),top-1 accuracy (%),1,98.59,49.32,,none,,,,,,mean±sd,Comparison table,
R00823,Wu et al. 2026,3,D,multiple (PlantVillage),RGB proximal,biological,seen -> unseen crop species,"TDC (proposed, CLIP-based disentangled)",top-1 accuracy (%),1,98.04,74.29,,DG-only,text-guided disentanglement + domain-adversarial branch,,,,,mean±sd,Comparison table,
R00874,Tang et al. 2026,1,Y,not specified (field crops),satellite time series,location,region A -> region B (same crop),multi-scale CNN + temporal transformer (proposed),R2,1,0.74,0.69,,none,,,,,,,Generalisation table,RMSE 0.812 -> 0.889
R00952,Li et al. 2023,1,M,cropland,satellite time series (Sentinel-2),location,training region CV -> Kullu district,Random forest,OA,1,0.862,0.91,,none,,,,,,,"Tables 3, 5",
R00952,Li et al. 2023,2,M,cropland,satellite time series (Sentinel-2),location,training region CV -> Mandi district,Random forest,OA,1,0.862,0.87,,none,,,,,,,"Tables 3, 5",
R00952,Li et al. 2023,3,M,cropland,satellite time series (Sentinel-2),location,training region CV -> Shimla district,Random forest,OA,1,0.862,0.81,,none,,,,,,,"Tables 3, 5",
R01000,Wang et al. 2022,1,M,"corn, sorghum, winter wheat, fallow, grass","satellite time series (MODIS, sub-pixel)",location,Sherman 2017 -> Thomas County 2017 (neighbouring),ESPCN,OA,1,0.7827,0.6924,,none,,,,,,,Comparison table (Sherman 2017 test) and generalisation tables,
R01000,Wang et al. 2022,2,M,"corn, sorghum, winter wheat, fallow, grass","satellite time series (MODIS, sub-pixel)",location,Sherman 2017 -> Thomas County 2017 (neighbouring),UNet,OA,1,0.807,0.6669,,none,,,,,,,Comparison table (Sherman 2017 test) and generalisation tables,
R01000,Wang et al. 2022,3,M,"corn, sorghum, winter wheat, fallow, grass","satellite time series (MODIS, sub-pixel)",location,Sherman 2017 -> Thomas County 2017 (neighbouring),Swin Transformer,OA,1,0.868,0.6992,,none,,,,,,,Comparison table (Sherman 2017 test) and generalisation tables,
R01000,Wang et al. 2022,4,M,"corn, sorghum, winter wheat, fallow, grass","satellite time series (MODIS, sub-pixel)",location,Sherman 2017 -> Thomas County 2017 (neighbouring),ST-DRes,OA,1,0.8894,0.7096,,none,,,,,,,Comparison table (Sherman 2017 test) and generalisation tables,
R01000,Wang et al. 2022,5,M,"corn, sorghum, winter wheat, fallow, grass","satellite time series (MODIS, sub-pixel)",location,Sherman 2017 -> Gray County 2017 (distant),ESPCN,OA,1,0.7827,0.5132,,none,,,,,,,Comparison table (Sherman 2017 test) and generalisation tables,
R01000,Wang et al. 2022,6,M,"corn, sorghum, winter wheat, fallow, grass","satellite time series (MODIS, sub-pixel)",location,Sherman 2017 -> Gray County 2017 (distant),UNet,OA,1,0.807,0.4949,,none,,,,,,,Comparison table (Sherman 2017 test) and generalisation tables,
R01000,Wang et al. 2022,7,M,"corn, sorghum, winter wheat, fallow, grass","satellite time series (MODIS, sub-pixel)",location,Sherman 2017 -> Gray County 2017 (distant),Swin Transformer,OA,1,0.868,0.5251,,none,,,,,,,Comparison table (Sherman 2017 test) and generalisation tables,
R01000,Wang et al. 2022,8,M,"corn, sorghum, winter wheat, fallow, grass","satellite time series (MODIS, sub-pixel)",location,Sherman 2017 -> Gray County 2017 (distant),ST-DRes,OA,1,0.8894,0.5418,,none,,,,,,,Comparison table (Sherman 2017 test) and generalisation tables,
R01000,Wang et al. 2022,9,M,"corn, sorghum, winter wheat, fallow, grass","satellite time series (MODIS, sub-pixel)",time,Sherman 2017 -> Sherman 2018,ESPCN,OA,1,0.7827,0.6589,,none,,,,,,,Comparison table (Sherman 2017 test) and generalisation tables,
R01000,Wang et al. 2022,10,M,"corn, sorghum, winter wheat, fallow, grass","satellite time series (MODIS, sub-pixel)",time,Sherman 2017 -> Sherman 2018,UNet,OA,1,0.807,0.6831,,none,,,,,,,Comparison table (Sherman 2017 test) and generalisation tables,
R01000,Wang et al. 2022,11,M,"corn, sorghum, winter wheat, fallow, grass","satellite time series (MODIS, sub-pixel)",time,Sherman 2017 -> Sherman 2018,Swin Transformer,OA,1,0.868,0.6001,,none,,,,,,,Comparison table (Sherman 2017 test) and generalisation tables,
R01000,Wang et al. 2022,12,M,"corn, sorghum, winter wheat, fallow, grass","satellite time series (MODIS, sub-pixel)",time,Sherman 2017 -> Sherman 2018,ST-DRes,OA,1,0.8894,0.6862,,none,,,,,,,Comparison table (Sherman 2017 test) and generalisation tables,
R01000,Wang et al. 2022,13,M,"corn, sorghum, winter wheat, fallow, grass","satellite time series (MODIS, sub-pixel)",location+time,Sherman 2017 -> Thomas 2018,ESPCN,OA,1,0.7827,0.6131,,none,,,,,,,Comparison table (Sherman 2017 test) and generalisation tables,
R01000,Wang et al. 2022,14,M,"corn, sorghum, winter wheat, fallow, grass","satellite time series (MODIS, sub-pixel)",location+time,Sherman 2017 -> Thomas 2018,UNet,OA,1,0.807,0.5664,,none,,,,,,,Comparison table (Sherman 2017 test) and generalisation tables,
R01000,Wang et al. 2022,15,M,"corn, sorghum, winter wheat, fallow, grass","satellite time series (MODIS, sub-pixel)",location+time,Sherman 2017 -> Thomas 2018,Swin Transformer,OA,1,0.868,0.5686,,none,,,,,,,Comparison table (Sherman 2017 test) and generalisation tables,
R01000,Wang et al. 2022,16,M,"corn, sorghum, winter wheat, fallow, grass","satellite time series (MODIS, sub-pixel)",location+time,Sherman 2017 -> Thomas 2018,ST-DRes,OA,1,0.8894,0.6335,,none,,,,,,,Comparison table (Sherman 2017 test) and generalisation tables,
R01000,Wang et al. 2022,17,M,"corn, sorghum, winter wheat, fallow, grass","satellite time series (MODIS, sub-pixel)",location+time,Sherman 2017 -> McPherson 2018,ESPCN,OA,1,0.7827,0.4631,,none,,,,,,,Comparison table (Sherman 2017 test) and generalisation tables,
R01000,Wang et al. 2022,18,M,"corn, sorghum, winter wheat, fallow, grass","satellite time series (MODIS, sub-pixel)",location+time,Sherman 2017 -> McPherson 2018,UNet,OA,1,0.807,0.561,,none,,,,,,,Comparison table (Sherman 2017 test) and generalisation tables,
R01000,Wang et al. 2022,19,M,"corn, sorghum, winter wheat, fallow, grass","satellite time series (MODIS, sub-pixel)",location+time,Sherman 2017 -> McPherson 2018,Swin Transformer,OA,1,0.868,0.6271,,none,,,,,,,Comparison table (Sherman 2017 test) and generalisation tables,
R01000,Wang et al. 2022,20,M,"corn, sorghum, winter wheat, fallow, grass","satellite time series (MODIS, sub-pixel)",location+time,Sherman 2017 -> McPherson 2018,ST-DRes,OA,1,0.8894,0.6872,,none,,,,,,,Comparison table (Sherman 2017 test) and generalisation tables,
R00994,Zhao et al. 2025,1,P,foxtail millet,UAV multispectral,location,Longfen 2023 -> Pingtai 2023,best per trait (RF/GB/Ridge),R2 (leaf moisture),1,0.607,0.502,0.512,none,,,,,,,"Tables 2, 3, 6",
R00994,Zhao et al. 2025,2,P,foxtail millet,UAV multispectral,location,Longfen 2023 -> Pingtai 2023,best per trait,R2 (SPAD),1,0.912,0.597,0.866,none,,,,,,,"Tables 2, 3, 6",
R00994,Zhao et al. 2025,3,P,foxtail millet,UAV multispectral,location,Longfen 2023 -> Pingtai 2023,best per trait,R2 (LAI),1,0.864,0.577,0.785,none,,,,,,,"Tables 2, 3, 6",
R00994,Zhao et al. 2025,4,P,foxtail millet,UAV multispectral,location,Pingtai 2023 -> Longfen 2023,best per trait,R2 (leaf moisture),1,0.512,0.435,0.607,none,,,,,,,"Tables 2, 3, 6",
R00994,Zhao et al. 2025,5,P,foxtail millet,UAV multispectral,location,Pingtai 2023 -> Longfen 2023,best per trait,R2 (SPAD),1,0.866,0.831,0.912,none,,,,,,,"Tables 2, 3, 6",
R00994,Zhao et al. 2025,6,P,foxtail millet,UAV multispectral,location,Pingtai 2023 -> Longfen 2023,best per trait,R2 (LAI),1,0.785,0.584,0.864,none,,,,,,,"Tables 2, 3, 6",
R00994,Zhao et al. 2025,7,P,foxtail millet,UAV multispectral,time,Longfen 2023 -> Longfen 2024 (drought year),best per trait,R2 (leaf moisture),1,0.607,0.464,0.513,DG,training on two sites (LF 2023 + PT 2023),0.603,0,,,,"Tables 2, 4, 7",
R00994,Zhao et al. 2025,8,P,foxtail millet,UAV multispectral,time,Longfen 2023 -> Longfen 2024,best per trait,R2 (SPAD),1,0.912,0.514,0.956,DG,training on two sites,0.658,0,,,,"Tables 2, 4, 7",
R00994,Zhao et al. 2025,9,P,foxtail millet,UAV multispectral,time,Longfen 2023 -> Longfen 2024,best per trait,R2 (LAI),1,0.864,0.583,0.972,DG,training on two sites,0.849,0,,,,"Tables 2, 4, 7",
R01060,Pokharel et al. 2026,1,Y,rice,UAV multispectral,time,2023-2024 seasons -> 2025 season,XGBoost,R2,1,0.873,0.624,,none,,,,,120 plots,,Internal test and 2025 validation tables,RMSE 0.852 -> 0.907 t/ha
R01133,Bohra et al. 2025,1,Y,maize,satellite VI + weather,location,"United States -> Kenya, test year 2019",DNN,R2,1,,-29.9,0.566,FT,fine-tuning on Kenyan training data,0.607,Kenya training set,,40,,Results table,
R01133,Bohra et al. 2025,2,Y,maize,satellite VI + weather,location,"US -> Kenya, 2020",DNN,R2,1,,-22.1,0.768,FT,fine-tuning on Kenyan training data,0.769,Kenya training set,,40,,Results table,
R01133,Bohra et al. 2025,3,Y,maize,satellite VI + weather,location,"US -> Kenya, 2021",DNN,R2,1,,-25.0,0.682,FT,fine-tuning on Kenyan training data,0.637,Kenya training set,,40,,Results table,
R01133,Bohra et al. 2025,4,Y,maize,satellite VI + weather,location,"US -> Kenya, 2022",DNN,R2,1,,-30.0,0.527,FT,fine-tuning on Kenyan training data,0.553,Kenya training set,,39,,Results table,
R01133,Bohra et al. 2025,5,Y,maize,satellite VI + weather,location,"US -> Kenya, 2019",Random forest,R2,1,,-5.14,0.625,none,,,,,,,Results table,
R01133,Bohra et al. 2025,6,Y,maize,satellite VI + weather,location,"US -> Kenya, 2020",Random forest,R2,1,,-3.16,0.685,none,,,,,,,Results table,
R01133,Bohra et al. 2025,7,Y,maize,satellite VI + weather,location,"US -> Kenya, 2021",Random forest,R2,1,,-5.07,0.734,none,,,,,,,Results table,
R01133,Bohra et al. 2025,8,Y,maize,satellite VI + weather,location,"US -> Kenya, 2022",Random forest,R2,1,,-7.07,0.389,none,,,,,,,Results table,
R01136,Görlich et al. 2021,1,D,sugar beet,UAV RGB,time,similar field conditions -> changing light/environmental conditions (other acquisitions),CNN semantic segmentation,mean F1 (%),1,75.74,75.55,,none,,,,,,,Class-wise evaluation tables,CLS-class F1 47.78 -> 44.48
R01202,Yu et al. 2022,1,W,wheat (lodging),UAV RGB,location+time,training data -> other years and geographical areas,Improved U-Net,Dice,1,0.921,0.892,,none,,,,,,,Tables 2-3 (ID derived),
R01209,Xiang et al. 2026,1,D,multiple,RGB proximal,acquisition,"PlantVillage (lab) -> PlantDoc (field/web), known classes",ResNet-50 (fine-tuned),accuracy (%),1,99.73,32.05,,UDA,test-time batch-norm statistics adaptation,34.3,0,,,10,Table 1; text,
R01209,Xiang et al. 2026,2,D,multiple,RGB proximal,acquisition,PlantVillage -> PlantDoc,ResNet-50 frozen (ImageNet supervised),accuracy (%),1,98.03,28.06,,none,,,,,,,Table 6,
R01209,Xiang et al. 2026,3,D,multiple,RGB proximal,acquisition,PlantVillage -> PlantDoc,ViT-S/16 frozen (ImageNet supervised),accuracy (%),1,98.65,42.05,,none,,,,,,,Table 6,
R01209,Xiang et al. 2026,4,D,multiple,RGB proximal,acquisition,PlantVillage -> PlantDoc,DINOv2-S/14 frozen (self-supervised),accuracy (%),1,98.48,43.06,,none,,,,,,,Table 6,
R01209,Xiang et al. 2026,5,D,multiple,RGB proximal,acquisition,PlantVillage -> PlantDoc,CLIP ViT-B/16 frozen (vision-language),accuracy (%),1,98.28,41.52,,none,,,,,,,Table 6,
R01209,Xiang et al. 2026,6,D,multiple,RGB proximal,acquisition,PlantVillage -> PlantDoc,CLIP ResNet-50 frozen (vision-language),accuracy (%),1,98.1,29.17,,none,,,,,,,Table 6,
R01250,Thirupathi et al. 2026,1,D,"multiple (field: epipremnum, mulberry, guava)",RGB proximal,acquisition+biological,PlantVillage (lab) -> field images of other species (healthy / bacterial spot),hybrid CNN,accuracy (%),1,99.8,61.97,,none,,,,,,,Results and discussion text,
R01402,Zhang et al. 2025,1,W,rice + weeds,RGB proximal,acquisition,laboratory subset -> paddy field subset,HGFormer,mIoU (%),1,79.89,24.52,,none,,,,,1800 images,,Tables 1-2,
R01402,Zhang et al. 2025,2,W,rice + weeds,RGB proximal,acquisition,laboratory subset -> paddy field subset,SAN,mIoU (%),1,82.66,21.25,,none,,,,,1800 images,,Tables 1-2,
R01402,Zhang et al. 2025,3,W,rice + weeds,RGB proximal,acquisition,laboratory subset -> paddy field subset,WS-SIS,mIoU (%),1,77.17,23.18,,none,,,,,1800 images,,Tables 1-2,
R01402,Zhang et al. 2025,4,W,rice + weeds,RGB proximal,acquisition,laboratory subset -> paddy field subset,PMNet,mIoU (%),1,87.28,24.06,,none,,,,,1800 images,,Tables 1-2,
R01402,Zhang et al. 2025,5,W,rice + weeds,RGB proximal,acquisition,laboratory subset -> paddy field subset,ESL,mIoU (%),1,81.5,20.92,,none,,,,,1800 images,,Tables 1-2,
R01402,Zhang et al. 2025,6,W,rice + weeds,RGB proximal,acquisition,laboratory subset -> paddy field subset,EDAPS,mIoU (%),1,81.65,21.59,,none,,,,,1800 images,,Tables 1-2,
R01402,Zhang et al. 2025,7,W,rice + weeds,RGB proximal,acquisition,laboratory subset -> paddy field subset,PSANet,mIoU (%),1,78.27,21.83,,none,,,,,1800 images,,Tables 1-2,
R01402,Zhang et al. 2025,8,W,rice + weeds,RGB proximal,acquisition,laboratory subset -> paddy field subset,PIDNet,mIoU (%),1,83.05,21.66,,none,,,,,1800 images,,Tables 1-2,
R01402,Zhang et al. 2025,9,W,rice + weeds,RGB proximal,acquisition,laboratory subset -> paddy field subset,DSCA-PSPNet,mIoU (%),1,80.89,25.04,,none,,,,,1800 images,,Tables 1-2,
R01402,Zhang et al. 2025,10,W,rice + weeds,RGB proximal,acquisition,laboratory -> field,"proposed (adversarial style generalisation, DGB + RAIN)",mIoU (%),1,90.54,39.66,,DG-only,adversarial style augmentation + instance normalisation,,,,,,Tables 1-2,
R01424,Zhao et al. 2026,1,M,"rice, maize, soybean",satellite time series (Sentinel-2),time,2020 -> 2021,STA-UNet,OA (%),1,94.8,90.16,,none,,,,,,,Standard-test and temporal-transfer tables,
R01424,Zhao et al. 2026,2,M,"rice, maize, soybean",satellite time series (Sentinel-2),time,2020 -> 2022,STA-UNet,OA (%),1,94.8,80.19,,none,,,,,,,Standard-test and temporal-transfer tables,
R01424,Zhao et al. 2026,3,M,"rice, maize, soybean",satellite time series (Sentinel-2),time,2021 -> 2020,STA-UNet,OA (%),1,94.12,84.76,,none,,,,,,,Standard-test and temporal-transfer tables,
R01424,Zhao et al. 2026,4,M,"rice, maize, soybean",satellite time series (Sentinel-2),time,2021 -> 2022,STA-UNet,OA (%),1,94.12,76.1,,none,,,,,,,Standard-test and temporal-transfer tables,
R01424,Zhao et al. 2026,5,M,"rice, maize, soybean",satellite time series (Sentinel-2),time,2022 -> 2020,STA-UNet,OA (%),1,91.91,84.53,,none,,,,,,,Standard-test and temporal-transfer tables,
R01424,Zhao et al. 2026,6,M,"rice, maize, soybean",satellite time series (Sentinel-2),time,2022 -> 2021,STA-UNet,OA (%),1,91.91,88.86,,none,,,,,,,Standard-test and temporal-transfer tables,
R01424,Zhao et al. 2026,7,M,"rice, maize, soybean",satellite time series (Sentinel-2),time,2020 -> 2021,Ms-TTC,OA (%),1,93.11,84.79,,none,,,,,,,Standard-test and temporal-transfer tables,
R01424,Zhao et al. 2026,8,M,"rice, maize, soybean",satellite time series (Sentinel-2),time,2020 -> 2022,Ms-TTC,OA (%),1,93.11,77.02,,none,,,,,,,Standard-test and temporal-transfer tables,
R01424,Zhao et al. 2026,9,M,"rice, maize, soybean",satellite time series (Sentinel-2),time,2021 -> 2020,Ms-TTC,OA (%),1,92.48,74.82,,none,,,,,,,Standard-test and temporal-transfer tables,
R01424,Zhao et al. 2026,10,M,"rice, maize, soybean",satellite time series (Sentinel-2),time,2021 -> 2022,Ms-TTC,OA (%),1,92.48,71.44,,none,,,,,,,Standard-test and temporal-transfer tables,
R01424,Zhao et al. 2026,11,M,"rice, maize, soybean",satellite time series (Sentinel-2),time,2022 -> 2020,Ms-TTC,OA (%),1,89.43,83.16,,none,,,,,,,Standard-test and temporal-transfer tables,
R01424,Zhao et al. 2026,12,M,"rice, maize, soybean",satellite time series (Sentinel-2),time,2022 -> 2021,Ms-TTC,OA (%),1,89.43,87.04,,none,,,,,,,Standard-test and temporal-transfer tables,
R01424,Zhao et al. 2026,13,M,"rice, maize, soybean",satellite time series (Sentinel-2),location,"training subregion -> left subregion (balanced), 2020",STA-UNet,OA (%),1,94.8,86.32,,none,,,,,,,Standard-test and Table 5,
R01424,Zhao et al. 2026,14,M,"rice, maize, soybean",satellite time series (Sentinel-2),location,"training subregion -> left subregion (balanced), 2021",STA-UNet,OA (%),1,94.12,87.53,,none,,,,,,,Standard-test and Table 5,
R01424,Zhao et al. 2026,15,M,"rice, maize, soybean",satellite time series (Sentinel-2),location,"training subregion -> left subregion (balanced), 2022",STA-UNet,OA (%),1,91.91,85.02,,none,,,,,,,Standard-test and Table 5,
R01424,Zhao et al. 2026,16,M,"rice, maize, soybean",satellite time series (Sentinel-2),location,"training subregion -> left subregion (balanced), 2020",Ms-TTC,OA (%),1,93.11,82.42,,none,,,,,,,Standard-test and Table 5,
R01424,Zhao et al. 2026,17,M,"rice, maize, soybean",satellite time series (Sentinel-2),location,"training subregion -> left subregion (balanced), 2021",Ms-TTC,OA (%),1,92.48,82.86,,none,,,,,,,Standard-test and Table 5,
R01424,Zhao et al. 2026,18,M,"rice, maize, soybean",satellite time series (Sentinel-2),location,"training subregion -> left subregion (balanced), 2022",Ms-TTC,OA (%),1,89.43,83.79,,none,,,,,,,Standard-test and Table 5,
R01424,Zhao et al. 2026,19,M,"rice, maize, soybean",satellite time series (Sentinel-2),location,"training subregion -> right subregion (rice-dominated), 2020",STA-UNet,OA (%),1,94.8,82.25,,none,,,,,,,Standard-test and right-subregion table,
R01424,Zhao et al. 2026,20,M,"rice, maize, soybean",satellite time series (Sentinel-2),location,"training subregion -> right subregion (rice-dominated), 2021",STA-UNet,OA (%),1,94.12,82.93,,none,,,,,,,Standard-test and right-subregion table,
R01424,Zhao et al. 2026,21,M,"rice, maize, soybean",satellite time series (Sentinel-2),location,"training subregion -> right subregion (rice-dominated), 2022",STA-UNet,OA (%),1,91.91,78.84,,none,,,,,,,Standard-test and right-subregion table,
R01424,Zhao et al. 2026,22,M,"rice, maize, soybean",satellite time series (Sentinel-2),location,"training subregion -> right subregion (rice-dominated), 2020",Ms-TTC,OA (%),1,93.11,81.22,,none,,,,,,,Standard-test and right-subregion table,
R01424,Zhao et al. 2026,23,M,"rice, maize, soybean",satellite time series (Sentinel-2),location,"training subregion -> right subregion (rice-dominated), 2021",Ms-TTC,OA (%),1,92.48,82.85,,none,,,,,,,Standard-test and right-subregion table,
R01424,Zhao et al. 2026,24,M,"rice, maize, soybean",satellite time series (Sentinel-2),location,"training subregion -> right subregion (rice-dominated), 2022",Ms-TTC,OA (%),1,89.43,77.15,,none,,,,,,,Standard-test and right-subregion table,
R01453,Bebie & Kyparissis 2026,1,Y,durum wheat,"satellite (Sentinel-2) + weather, pixel level",time,random split -> leave-one-season-out,Extra Trees,R2,1,0.919,0.495,,none,,,,,,mean±sd,Random-split and LOYO tables,
R01453,Bebie & Kyparissis 2026,2,Y,durum wheat,"satellite (Sentinel-2) + weather, pixel level",time,random split -> leave-one-season-out,LightGBM,R2,1,0.908,0.489,,none,,,,,,mean±sd,Random-split and LOYO tables,
R01453,Bebie & Kyparissis 2026,3,Y,durum wheat,"satellite (Sentinel-2) + weather, pixel level",time,random split -> leave-one-season-out,Random forest,R2,1,0.908,0.509,,none,,,,,,mean±sd,Random-split and LOYO tables,
R01453,Bebie & Kyparissis 2026,4,Y,durum wheat,"satellite (Sentinel-2) + weather, pixel level",time,random split -> leave-one-season-out,XGBoost,R2,1,0.902,0.473,,none,,,,,,mean±sd,Random-split and LOYO tables,
R01526,Wang et al. 2026,1,W,barley + weeds,UAV multispectral,location,"within-plot -> train E2, test E8",VISA (proposed segmentation network),mIoU,1,0.756,0.712,,none,,,,,,95% CI,Table 2,
R01526,Wang et al. 2026,2,W,barley + weeds,UAV multispectral,location,"within-plot -> train E8, test E2",VISA,mIoU,1,0.756,0.718,,none,,,,,,95% CI,Table 2,
R01526,Wang et al. 2026,3,W,barley + weeds,UAV multispectral,time,"within-plot -> train 2020-2022, test 2023",VISA,mIoU,1,0.756,0.692,,none,,,,,,95% CI,Table 2,weed IoU 0.635 -> 0.544
R01646,Yang et al. 2026,1,M,"cotton, tomato, corn",UAV RGB,location,regions A+B -> region C,U-Net,mIoU (%),1,86.19,82.44,,PT,Segment Anything (SAM) prompt-based mask refinement,84.16,0,,,,Per-class IoU table (derived),
R01646,Yang et al. 2026,2,M,"cotton, tomato, corn",UAV RGB,location,regions A+B -> region C,DeepLabv3+,mIoU (%),1,80.45,67.22,,PT,SAM refinement,73.45,0,,,,Per-class IoU table (derived; matches text),
R01646,Yang et al. 2026,3,M,"cotton, tomato, corn",UAV RGB,location,regions A+B -> region C,HRNet,mIoU (%),1,77.36,67.05,,PT,SAM refinement,70.58,0,,,,Per-class IoU table (derived),
R01646,Yang et al. 2026,4,M,"cotton, tomato, corn",UAV RGB,location,regions A+B -> region C,PSPNet,mIoU (%),1,78.99,72.64,,PT,SAM refinement,76.34,0,,,,Per-class IoU table (derived),
R01690,Ghaffari 2021,1,M,cropland,satellite time series,location,source region -> target region (no target labels),baseline temporal network,accuracy (%),1,96.63,47.66,,UDA,domain-adversarial branch + self-supervised tasks (R+T+B+D),71.06,0,,,,Tables 3-4,adapted model ID 98.07 (R+T+B variant)
R01690,Ghaffari 2021,2,M,cropland,satellite time series,location,source -> target region,Random forest,accuracy (%),1,97.54,51.17,,none,,,,,,,Tables 3-4,
R01718,Gupta et al. 2023,1,D,potato,RGB proximal,acquisition,CPRI field images -> PlantVillage lab images,ROI detector + CNN image classifier,accuracy (%),1,96.95,84.76,,none,,,,,,,Table 3,
R01718,Gupta et al. 2023,2,D,potato,RGB proximal,acquisition,CPRI -> PlantVillage,attention-based CNN classifier,accuracy (%),1,94.17,85.66,,none,,,,,,,Table 4,
R01721,Gajardo et al. 2025,1,M,cropland,satellite time series (CropHarvest features),location,neighbouring countries (Geowiki Neighbours) -> Nigeria,Random forest,F1,1,,0.743,0.78,FT,joint training with Nigerian labels,0.778,Nigeria training set,,,,Table 3,
R01721,Gajardo et al. 2025,2,M,cropland,satellite time series (CropHarvest features),location,worldwide Geowiki -> Nigeria,Random forest,F1,1,,0.643,0.78,FT,joint training with Nigerian labels,0.684,Nigeria training set,,,,Table 3,
R01721,Gajardo et al. 2025,3,M,cropland,satellite time series (CropHarvest features),location,neighbouring countries -> Nigeria,single-headed LSTM,F1,1,,0.752,0.774,FT,joint training with Nigerian labels,0.809,Nigeria training set,,,,Table 3,
R01721,Gajardo et al. 2025,4,M,cropland,satellite time series (CropHarvest features),location,worldwide Geowiki -> Nigeria,single-headed LSTM,F1,1,,0.702,0.774,FT,joint training with Nigerian labels,0.749,Nigeria training set,,,,Table 3,
R01756,Cornelissen et al. 2025,1,P,grape (Brix),hyperspectral proximal,acquisition,Lab -> Field-AM,Predictor-Only CNN,R2,1,0.68,0.29,0.73,none,,,,,,,Table III,
R01756,Cornelissen et al. 2025,2,P,grape (Brix),hyperspectral proximal,acquisition,Lab -> Field-PM,Predictor-Only CNN,R2,1,0.68,0.15,0.54,none,,,,,,,Table III,
R01756,Cornelissen et al. 2025,3,P,grape (Brix),hyperspectral proximal,acquisition,Field-AM -> Lab,Predictor-Only CNN,R2,1,0.73,0.19,0.68,none,,,,,,,Table III,
R01756,Cornelissen et al. 2025,4,P,grape (Brix),hyperspectral proximal,time,Field-AM -> Field-PM (illumination),Predictor-Only CNN,R2,1,0.73,0.12,0.54,none,,,,,,,Table III,
R01756,Cornelissen et al. 2025,5,P,grape (Brix),hyperspectral proximal,acquisition,Field-PM -> Lab,Predictor-Only CNN,R2,1,0.54,0.16,0.68,none,,,,,,,Table III,
R01756,Cornelissen et al. 2025,6,P,grape (Brix),hyperspectral proximal,time,Field-PM -> Field-AM (illumination),Predictor-Only CNN,R2,1,0.54,0.15,0.73,none,,,,,,,Table III,
R01756,Cornelissen et al. 2025,7,P,grape (Brix),hyperspectral proximal,acquisition+time,Lab + Field-PM -> Field-AM (unseen),Predictor-Only CNN (two-domain training),R2,1,,0.41,0.73,DG,LISA illumination-invariant adversarial representation,0.62,0,,,,Tables III-IV,
R01756,Cornelissen et al. 2025,8,P,grape (Brix),hyperspectral proximal,acquisition+time,Lab + Field-AM -> Field-PM (unseen),Predictor-Only CNN (two-domain training),R2,1,,0.19,0.54,DG,LISA,0.4,0,,,,Tables III-IV,
R01880,Liu et al. 2026,1,D,tomato,RGB proximal,location+acquisition,Tomato-Village -> PlantDoc,VMamba-FCS (proposed),accuracy (%),1,93.62,71.3,,none,,,,,,,Abstract; comparison tables,
R01880,Liu et al. 2026,2,D,tomato,RGB proximal,location+acquisition,Tomato-Village -> PlantDoc,EdgeNeXt-Small,accuracy (%),1,76.02,58.7,,none,,,,,,,Comparison and cross-dataset tables,
R01880,Liu et al. 2026,3,D,tomato,RGB proximal,location+acquisition,Tomato-Village -> PlantDoc,RepViT,accuracy (%),1,85.04,62.3,,none,,,,,,,Comparison and cross-dataset tables,
R01880,Liu et al. 2026,4,D,tomato,RGB proximal,location+acquisition,Tomato-Village -> PlantDoc,DilatedFormer,accuracy (%),1,85.81,65.8,,none,,,,,,,Comparison and cross-dataset tables,
R01880,Liu et al. 2026,5,D,tomato,RGB proximal,location+acquisition,Tomato-Village -> PlantDoc,ResNet-50,accuracy (%),1,72.06,52.1,,none,,,,,,,Comparison and cross-dataset tables,
R01899,Kaur & Sandhu 2026,1,D,"corn, tomato",RGB proximal,acquisition,PlantVillage -> PlantDoc,ResNet-50,accuracy (%),1,94.21,62.31,78.53,none,,,,,,,Table 5,
R01899,Kaur & Sandhu 2026,2,D,"corn, tomato",RGB proximal,acquisition,PlantVillage -> PlantDoc,EfficientNet-B4,accuracy (%),1,95.14,65.82,80.22,none,,,,,,,Table 5,
R01899,Kaur & Sandhu 2026,3,D,"corn, tomato",RGB proximal,acquisition,PlantVillage -> PlantDoc,Swin-T,accuracy (%),1,96.35,69.42,82.71,none,,,,,,,Table 5,
R01899,Kaur & Sandhu 2026,4,D,"corn, tomato",RGB proximal,acquisition,PlantVillage -> PlantDoc,ViT-Base MAE pretraining + full fine-tuning (ablation baseline),accuracy (%),1,95.82,66.13,,SSL,lesion-aware masked pretraining + prompt tuning + domain tokens (PlantMAE-Prompt),78.64,0,,,,"Tables 5, 7",adapted model ID 98.73; oracle 87.31
R01902,Benbahria et al. 2020,1,M,irrigated land (land-cover classes),satellite (Landsat 8),time,"autumn -> spring image, same cycle",CNN segmentation (ImageNet-pretrained encoder),"IoU, irrigated class (%)",1,87,37,,none,,,,,,,Table 5,mean pixel accuracy 87% -> 51%
R01902,Benbahria et al. 2020,2,M,irrigated land (land-cover classes),satellite (Landsat 8),time,"autumn -> summer image, same cycle",CNN segmentation (ImageNet-pretrained encoder),"IoU, irrigated class (%)",1,87,28,,none,,,,,,,Table 5; text,
R02099,Dunđerski et al. 2026,1,Y,maize,tabular (morphological traits),time,pooled 5-fold CV -> held-out year 2021,XGBoost,R2,1,0.57,-0.07,,none,,,,,,,Tables 3-4,
R02099,Dunđerski et al. 2026,2,Y,maize,tabular (morphological traits),time,pooled CV -> 2021,Linear regression,R2,1,0.56,-0.58,,none,,,,,,,Tables 3-4,
R02099,Dunđerski et al. 2026,3,Y,maize,tabular (morphological traits),time,pooled CV -> 2021,Elastic net,R2,1,0.55,0.13,,none,,,,,,,Tables 3-4,
R02099,Dunđerski et al. 2026,4,Y,maize,tabular (morphological traits),time,pooled CV -> 2021,Random forest,R2,1,0.55,0.0,,none,,,,,,,Tables 3-4,
R02099,Dunđerski et al. 2026,5,Y,maize,tabular (morphological traits),time,pooled CV -> 2021,Multi-output neural network,R2,1,0.49,-0.16,,none,,,,,,,Tables 3-4,
R02122,Thapa et al. 2026,1,P,winter pea (cover crop),UAV multispectral,time,training season CV -> independent test season (April flight pair),Random forest,R2 (biomass),1,0.88,-0.39,,none,,,,,,,CV and test-set tables,
R02122,Thapa et al. 2026,2,P,winter pea (cover crop),UAV multispectral,time,training season CV -> independent test season (mid-May flight pair),Random forest,R2 (biomass),1,0.88,0.44,,none,,,,,,,CV and test-set tables,
R02134,Nejadshamsi et al. 2026,1,Y,not specified (county yield),satellite (foundation-model embeddings),time,2022 control -> 2021 drift year,"FARM-C (foundation model, fine-tuned)",RMSE,0,0.425,0.581,,none,,,,,,,Table 2,
R02134,Nejadshamsi et al. 2026,2,Y,not specified (county yield),satellite (foundation-model embeddings),time,2022 control -> 2021 drift year,"FARM-PA (foundation model, fine-tuned)",RMSE,0,0.653,0.792,,none,,,,,,,Table 2,
R02150,Deng & Lu 2026,1,W,lettuce and other vegetables + weeds,RGB proximal,time,2025 season -> 2024 season dataset,YOLO26,mAP50 (%),1,86.9,29.6,,PT,"DINOv3-pretrained ViT-small backbone, fine-tuned on weed imagery (DINO*-YOLO26*)",41.5,0,,,3,Table 3,adapted model ID 92.2
R02150,Deng & Lu 2026,2,W,lettuce and other vegetables + weeds,RGB proximal,time,2025 season -> 2021-2023 seasons dataset,YOLO26,mAP50 (%),1,86.9,42.5,,PT,DINOv3-pretrained ViT-small backbone (DINO*-YOLO26*),56.5,0,,,3,Table 3,
R02150,Deng & Lu 2026,3,W,lettuce and other vegetables + weeds,RGB proximal,time,2025 -> 2024,YOLO26* (modified head),mAP50 (%),1,90.3,33.9,,none,,,,,,3,Table 3,
R02150,Deng & Lu 2026,4,W,lettuce and other vegetables + weeds,RGB proximal,time,2025 -> 2021-2023,YOLO26* (modified head),mAP50 (%),1,90.3,46.3,,none,,,,,,3,Table 3,
R02213,Zdraveska et al. 2026,1,W,"multiple (cotton, corn, vegetables, ...)",RGB proximal,location+sensor,train on one dataset -> other datasets (mean over pairs),YOLO26s,mAP50:95,1,0.603,0.148,,none,,,,,,,Results text (means),
R02224,Maleki et al. 2025,1,M,rapeseed,satellite SAR time series (Sentinel-1),location,La Rochelle -> Le Mans (ID = La Rochelle out-of-year),InceptionTime,F1 (%),1,92.02,96.7,,none,,,,,,,Tables 2-3,
R02224,Maleki et al. 2025,2,M,rapeseed,satellite SAR time series (Sentinel-1),location,La Rochelle -> Le Mans,Random forest,F1 (%),1,89.89,95.9,,none,,,,,,,Tables 2-3,
R02224,Maleki et al. 2025,3,M,rapeseed,satellite SAR time series (Sentinel-1),location,Le Mans -> La Rochelle,InceptionTime,F1 (%),1,95.41,92.95,,none,,,,,,,Tables 2-3,
R02224,Maleki et al. 2025,4,M,rapeseed,satellite SAR time series (Sentinel-1),location,Le Mans -> La Rochelle,Random forest,F1 (%),1,85.51,94.56,,none,,,,,,,Tables 2-3,
R02224,Maleki et al. 2025,5,M,rapeseed,satellite SAR time series (Sentinel-1),location,Le Mans -> Tarbes,InceptionTime,F1 (%),1,95.41,88.72,,none,,,,,,,Tables 2-3,
R02224,Maleki et al. 2025,6,M,rapeseed,satellite SAR time series (Sentinel-1),location,Le Mans -> Tarbes,Random forest,F1 (%),1,85.51,82.7,,none,,,,,,,Tables 2-3,
R02224,Maleki et al. 2025,7,M,rapeseed,satellite SAR time series (Sentinel-1),location,Tarbes -> Le Mans,InceptionTime,F1 (%),1,93.87,97.1,,none,,,,,,,Tables 2-3,
R02250,Ho-Lam & Nguyen 2026,1,D,multiple,RGB proximal,acquisition,PlantVillage -> PlantDoc,MobileNetV2,accuracy (%),1,99.77,28.57,,none,,,,,,,"Tables 1, 3",
R02250,Ho-Lam & Nguyen 2026,2,D,multiple,RGB proximal,acquisition,PlantVillage -> PlantDoc,ResNet18,accuracy (%),1,99.67,26.98,,none,,,,,,,"Tables 1, 3",
R02250,Ho-Lam & Nguyen 2026,3,D,multiple,RGB proximal,acquisition,PlantVillage -> PlantDoc,TinyCNN (scratch),accuracy (%),1,98.88,13.1,,none,,,,,,,"Tables 1, 3",
R02250,Ho-Lam & Nguyen 2026,4,D,multiple,RGB proximal,acquisition,PlantVillage -> PlantDoc,TinyCNN (knowledge distillation),accuracy (%),1,98.81,13.1,,none,,,,,,,"Tables 1, 3",
R02305,Rahaman et al. 2026,1,D,rice,RGB proximal,location+acquisition,Dataset-1 -> Dataset-2 (nine shared classes),Swin + ConvNeXt fusion (proposed),accuracy (%),1,99.55,90.8,,none,,,,,,,Results text; abstract,
R02312,Zhang et al. 2026,1,M,Euryale ferox (aquatic crop),satellite time series (Sentinel-2),location+time,modelling county 2024 -> Jinxian County 2025,Random forest (multi-temporal),OA (%),1,99.87,90.13,,none,,,,,,,Table 6; transferability results text,
R02411,Martinez et al. 2021,1,M,multiple (tropical crops),satellite SAR time series (Sentinel-1),time,other agricultural year -> LEM 2017/18,U-Net + ConvLSTM baseline,F1 (%),1,,44.7,61.7,none,,,,,,,Table 4,OA 63.3 vs 77.3
R02588,Kumar & Sharma 2026,1,D,rice,RGB proximal,acquisition+location,Mendeley dataset -> UCI external dataset,ResNet18,accuracy,1,0.982,0.512,,none,,,,,,,Backbone comparison table,
R02588,Kumar & Sharma 2026,2,D,rice,RGB proximal,acquisition+location,Mendeley -> UCI,ResNet34,accuracy,1,1.0,0.542,,none,,,,,,,Backbone comparison table,
R02588,Kumar & Sharma 2026,3,D,rice,RGB proximal,acquisition+location,Mendeley -> UCI,ResNet50,accuracy,1,1.0,0.542,,none,,,,,,,Backbone comparison table,
R02598,Paul 2026,1,D,rice,RGB proximal,location+acquisition,one Bangladeshi dataset -> another (mean of 18 pairs),"CNNs (MobileNetV2, EfficientNet-B0, ResNet50), pooled",macro F1,1,0.719,0.436,,DG,strong data augmentation,0.506,0,,,,Results text; Table 2,
R02598,Paul 2026,2,D,rice,RGB proximal,location+acquisition,cross-dataset (mean of pairs),CNNs pooled,macro F1,1,0.719,0.436,,UDA,adaptive batch normalisation (AdaBN),0.381,0,,,,Table 5 (derived mean change -0.055),
R02598,Paul 2026,3,D,rice,RGB proximal,location+acquisition,cross-dataset (18 pairs),DINOv2 ViT-B/14 frozen probe,macro F1,1,0.721,0.451,,none,,,,,,,Table 4,
