rid,study,decision,reason,notes
R00004,Lottes et al. 2018,INCLUDE,,"Train Bonn2016; test Bonn2016 (ID), Bonn2017, Stuttgart, other growth stage. Table V ablation gives ID and OOD avg F1 for vanilla FCN and full model."
R00009,Ubbens et al. 2018,EXCLUDE,I1,"Arabidopsis rosette leaf counting (model plant, not crop production); cross-dataset comparison also lacks same-model ID value."
R00013,Wu et al. 2023,EXCLUDE,I2,"UDA PlantVillage -> PlantDoc/Plant-Pathology/Corn/Tomato; reports source-only target accuracy (30.78, 39.27, 75.96, 27.57%) but no in-distribution (PlantVillage) accuracy and no oracle. Sentinel 12."
R00015,Ramcharan et al. 2019,INCLUDE,,SSD detector trained on cassava field images (80/20 split); tested on mobile-app images and real-time video in a Tanzanian field.
R00017,Morales & Villalobos 2023,EXCLUDE,E2,All yields simulated with DSSAT crop models; temporal vs random partitions compared on synthetic data only. Sentinel 11.
R00047,Lü et al. 2017,EXCLUDE,I2,All test sequences differ from training sequences; validation (same sequences as training) shown only as curves. No ID-OOD pair for one model.
R00056,Ma et al. 2021,INCLUDE,,"County corn yield, US Corn Belt; regions Great Plains (GP) and Eastern Temperate Forests (ETF); every test is a held-out year (2016-2019). Local = same-region out-of-year (conditional ID); transfer = other region. Oracle = target-region local model."
R00057,Ilyas et al. 2023,INCLUDE,,"Crop-weed segmentation; source field S (stationary platform, 1893 images, 80/20 split) -> four target fields A-D (moving platform). Table 3 vanilla augmentation; Table 4 augmentation scheduling + UDA; Table 5 fully supervised target (oracle)."
R00065,Salman et al. 2025,EXCLUDE,I2,PlantVillage-subset (PV_200/PV_100) models tested on PlantDoc without reporting their PlantVillage test accuracy; PlantDoc 80:10:10 results are within-dataset.
R00073,Mohammadi et al. 2023,INCLUDE,,"Corn/soybean/other mapping, Landsat time series, 4 US Corn Belt sites; train site X 2015-2017; local test = same site 2018 (conditional ID, out-of-year); spatial test = other site 2018. Means over 4 local and 12 spatial tests (Table 2, text)."
R00082,Hosseini et al. 2024,INCLUDE,,"Cropping-intensity pattern mapping (S2+L8/9, GEE), SW Iran; stack ensemble trained and evaluated on 2021 ground truth; transferred to 2020 and 2022 ground truth."
R00095,Kluger et al. 2021,FIG,I2-fig,"Eligible design (LDA/RF transfer between French departments and Kenyan regions; unadjusted transfer, FPSA adjustment, oracle = within-region 10-fold CV). Overall accuracies only in Figures 7-9; tables give per-class PA/UA. Digitise if time allows. Sentinel 7."
R00097,Gao et al. 2023,INCLUDE,,Maize/weed/soil segmentation; trained on ground camera images; tested on ground test set (ID) and UAV orthomosaic tiles (OOD). Proposed* = proposed network without preprocessing pipeline.
R00098,Guth et al. 2023,INCLUDE,,"12 crop-disease classes; CNNs trained on lab images, tested on lab test set (661 images) and field images (2321); mixed lab+field training as oracle-like reference. Values are class means derived from Table IV (agree with reported overall 51.3% lab->field)."
R00119,Yang et al. 2024,EXCLUDE,E5,Cross-domain few-shot learning: novel field-disease classes disjoint from base classes.
R00121,Cap et al. 2020,INCLUDE,,"Cucumber disease (4 classes) classification; ResNet-101 trained on Dataset A, validated on Dataset A (3,042 images), tested on Dataset B from other farms (4,389 images). GAN-based augmentation as mitigation."
R00123,Fuentes et al. 2021,EXCLUDE,I3,"Open-set domain adaptation across three tomato farms; only adapted target accuracies reported (no source-only OOD result, no source ID result for the same task)."
R00126,Osco et al. 2021,EXCLUDE,I2,"Corn and citrus models trained separately on each dataset; 'generalisation' refers to the method, not a model tested out of domain."
R00131,Sykas et al. 2022,INCLUDE,,"Sentinel-2 crop-type segmentation (patch-based, PAD). Scenario 1 = random split of pooled Catalonia+France patches (ID); Scenario 2 = train Catalonia 2019-20, test France 2019; Scenario 3 = train France 2019, test Catalonia 2020. CV-scheme comparison (rule f). Weighted F1 used."
R00148,Tunio et al. 2024,EXCLUDE,I2,PlantVillage -> PlantDoc domain adaptation; only target-domain accuracies reported; no source-domain test accuracy.
R00166,Beck et al. 2021,EXCLUDE,I2,Dataset description (lab and field crop/weed images); no model evaluation.
R00177,Rodríguez-Vázquez et al. 2023,INCLUDE-O,,"Pineapple counting in aerial images; domains A, B, C; baseline (source-only), UDA, and oracle (source+target labels) rMAE on target test sets (64 images per domain). No source-domain test result."
R00206,Shao et al. 2016,INCLUDE-O,,"Corn/soybean vs other mapping from MODIS NDVI; NN trained on ND, NE, IA; applied to KS, MN, MO, SD (spatial generalisation, SG) versus benchmark trained with target-state data (oracle); means over 2006-2015. Training-region accuracy not reported."
R00223,Sapkota et al. 2022,INCLUDE,,"Weed detection (morningglory, grasses) trained on cotton (Cot1, 2020); tested on Cot1 test (ID), Cot2 (2021), Soy1 (soybean, same date/site as Cot1), Soy2 (2021), Corn1, Corn2 (2021). Detect_Weed AP@0.5."
R00253,Hasan et al. 2025,EXCLUDE,I2,"PlantVillage and TomatoVillage: per-dataset models tested within dataset; 'cross-dataset' results use a model trained on both datasets. No train-on-one, test-on-other result."
R00259,Nyborg et al. 2022,INCLUDE-O,,"Crop-type classification from Sentinel-2 time series, four European tiles; source-trained, TimeMatch (UDA) and target-trained (oracle) macro F1 on target, mean±sd over runs (Table 1, no ShiftAug). No source-test result. Sentinel 8."
R00275,Khallaghi et al. 2025,INCLUDE,,"Cropland field mapping with a CNN trained on 2018 samples; evaluated on 4 validation tiles per year 2018 (ID) and 2019-2022 (OOD). Baseline = no MC-dropout, no photometric augmentation; mitigation = photometric augmentation + MC-dropout (Table 2)."
R00293,Wang et al. 2024,EXCLUDE,I2,Cross-year and cross-region corn mapping; direct-transfer TempCNN and adapted models reported on target only; no source-domain test or oracle result.
R00019,Jin et al. 2018,EXCLUDE,E3,Hyperspectral pixel classification of wheat heads (FHB); random train/validation/test split of one field campaign only.
R00022,Orynbaikyzy et al. 2022,FIG,I2-fig,"RF crop-type mapping, 7 German states; spatially independent test sets vs reference system; F1 and F1 loss shown only in figures (text gives average F1 loss -0.04 for SAR models)."
R00061,Killeen et al. 2024,FIG,I2-fig,"UAV corn yield; random k-fold vs leave-one-field-out CV compared; performance (CC, R2) shown only in Figures 2-4."
R00063,Rusňák et al. 2023,EXCLUDE,I2,Slovak crop mapping: leave-one-year-out within region and cross-region tests only; no within-year ID test or target-trained comparator.
R00076,Ma et al. 2023,EXCLUDE,I2,"Corn/soybean yield transfer GP<->ETF (2019-2021); only transfer results for RF, DNN, ADANN, PDANN; no local (ID) or oracle results."
R00114,Gafurov et al. 2023,EXCLUDE,I2,"LSTM crop recognition trained in Canada, applied to European Russia; target evaluated only by agreement of district crop areas with statistics (different metric from training-region CV accuracy)."
R00122,Abdulridha et al. 2020,EXCLUDE,I2,Separate classifiers fitted to laboratory and UAV hyperspectral data; no model tested across settings.
R00127,Krishna et al. 2025,INCLUDE,,"Leaf disease classification; trained on PlantDoc, tested on PlantDoc test (ID, 28 classes) and a new web-sourced dataset (16 classes); web-trained/web-tested as oracle (Tables 1, 3, 8; without noise). OOD test covers a class subset (Q4 high)."
R00149,Kwak & Park 2022,FIG,I2-fig,"STDAN UDA crop classification (Korea, 6 temporal/spatial cases); source baseline, target baseline (oracle), DANN, STDAN OA only in Figure 12; text gives some differences only."
R00167,Gao et al. 2022,EXCLUDE,I1,Irrigated-field classification by thresholding/dynamic unsupervised methods across years; not a supervised model evaluated ID vs OOD; kappa only in figures.
R00186,Lin et al. 2021,INCLUDE,,"Olive orchard mapping (CNN, DigitalGlobe 0.5 m), Morocco; grid sampling (test site's other grids in training) vs region sampling (test site held out), evaluated on the same three test grids per site (Tables 4-5, 1st evaluation)."
R00200,He et al. 2019,INCLUDE,,"Winter wheat identification (MODIS time series), Huanghuaihai Region; data partitioned into 8 geographic parts; RF trained on parts 1-3 (test = held-out samples of same parts) and evaluated on parts 4-8 (Table 6). Part 8 has few wheat pixels."
R00201,Li et al. 2023,FIG,I2-fig,"Irrigated cropland mapping (Sentinel-2, DeepLabV3+/PAN/U-Net); temporal portability 2018-2021 and resolution portability shown only in Figures 8 and 10; ID test results in Table 1 (F1 0.94-0.95)."
R00213,Pan et al. 2021,INCLUDE,,Wheat yellow rust segmentation from UAV images (PSPNet); trained/tested on one wheat field (Table 1); applied to other plots imaged at the same time (Section 4.2).
R00224,Fenu & Malloci 2022,EXCLUDE,I2,"Five CNNs trained and tested within each of four datasets (two lab, two field); compares datasets, no cross-dataset testing."
R00227,Ban et al. 2022,INCLUDE,,Rice leaf chlorophyll (SPAD) from UAV spectra; Ningxia (125-band hyperspectral) and Shanghai (5-band multispectral) models validated within region (Table 6) and applied to the other region (Table 7).
R00244,Gilcher & Udelhoven 2021,INCLUDE,,"Maize classification from Sentinel-1/2, randomised resampling (500 runs): training scope (held-out cells, ID) vs temporal, spatial, spatiotemporal scopes; mean F1 (SD) in Table 4."
R00247,Wu et al. 2023,EXCLUDE,I2,OCBDL crop mapping; accuracy reported for test areas of one county-year; other years and provinces evaluated only by maps and agreement with statistical crop areas.
R00272,Radočaj et al. 2025,EXCLUDE,I2,"Subfield maize yield (Sentinel-2 phenology), regular vs spatial cross-validation within each of three single fields; spatial folds are blocks of the same field (no change of field, site, year or sensor). Relevant to Discussion on CV leakage (R2 RF EVI-AG: 0.569 regular vs 0.134 spatial, Parcel 1)."
R00277,Zhang et al. 2022,EXCLUDE,I2,"Farmland extraction UDA across DeepGlobe, GID, LoveDA; source-only and adapted IoU on target only; no source test or oracle."
R00301,Hoppe et al. 2024,INCLUDE,,"Sentinel-2 crop classification, Germany 2018; models trained in a northern area, tested on northern hold-out (ID) and a southern area (OOD), test case T10; Majority Voting per-class F1 in Table 7 (other models in appendix tables). Macro F1 derived as mean of 5 classes (matches reported 0.65)."
R00312,Barrière et al. 2024,EXCLUDE,I2,"Early-season crop classification (NL, FR): train <=2018, validate 2019, test 2020 (all out-of-year); cross-region few-shot fine-tuning with labels; no ID comparator or source-only cross-region result."
R00321,Maleki et al. 2024,FIG,I2-fig,"Summer-crop mapping (S1/S2, Dijon/Tarbes, 2020/2021): spatial, temporal and spatiotemporal transfer; per-crop F1 shown in figures, text gives approximate values only."
R00327,Prasad & Senthilrajan 2024,EXCLUDE,E2,PlantVillage -> 'New Plant Village' (offline-augmented copy of PlantVillage); shift is synthetic augmentation; model trained on merged data.
R00336,Koike et al. 2024,INCLUDE,,"Tomato water-stress (relative stem diameter) regression from leaf-wilting features; model trained in one greenhouse area, tested in-area (ID) and in other areas (OOD) with and without UDA (UDAB, DAC)."
R00346,Han et al. 2023,INCLUDE,,"Crop mapping from Sentinel-1 time series (Brandenburg): models trained on S1 area 2017-2018; ID = S1 test set (Table 4, per-class F1); OOD = S2 area 2020-2021 (Table 7). Mean F1 over the six crops common to both tables (maize, wheat, grassland, potato, rapeseed, legume) derived."
R00353,Joshi et al. 2024,EXCLUDE,I2,"Crop yield transfer learning (BiLSTM, TrAdaBoost.R2, DANN, fine-tuning): results at the transfer location only (baseline R2 0.19); no source-location test found. [VERIFY: PDF text partly garbled]"
R00376,Terentev et al. 2025,FIG,I2-fig,"Stem rust hyperspectral classification, wheat <-> barley transfer; OOD given as normalised confusion matrices (wheat->barley: 0.941/0.986; barley->wheat: 0.892/0.981) and 'F1 > 0.94'; ID validation F1 only in a figure."
R00378,Ghanbari et al. 2024,EXCLUDE,E2,"Wheat-head segmentation trained on synthesised image-mask pairs (+ unlabelled real frames); internal Dice 0.807 vs GWHD external 0.648, but all labelled training data synthetic."
R00382,Roopa et al. 2025,EXCLUDE,E3,PlantVillage patch classification; random split within PlantVillage only; no field or cross-dataset test.
R00396,Shojaeezadeh et al. 2025,FIG,I2-fig,Crop phenology (BBCH stage dates) from S1/S2 + climate with LightGBM across Germany; random 10-fold CV in tables; temporal and spatial transferability only in figures (Fig. 9 and later).
R00401,Lee et al. 2025,INCLUDE,,"Rice disease classification (4 classes), 5 CNNs; Case A = original test set (ID, 123 images); Case C = same models tested on 123 external images (OOD). Case C accuracies in table (mean±sd); Case A values given in text only for DenseNet121 (71%) and Xception (64%)."
R00422,Li et al. 2025,EXCLUDE,I2,Cross-crop/cross-region horticultural disease detection (CCGD-Net); cross-regional table reports only the adapted model; no same-model ID vs OOD or source-only result.
R00427,Zhang et al. 2023,FIG,I2-fig,"Winter wheat extraction (improved DeepLabv3+, GF-2); generalisation test in Linfen City shown only in Figure 11."
R00454,Selea 2023,INCLUDE,,"AgriSen-COG (Sentinel-2, 5 European AOIs). Type 1 = same AOI and year 2019 (ID); Type 2 = Type 1 models tested on 2020 (temporal); Type 3 = spatial generalisation across AOIs (2019). Weighted F1, mean over 5 AOIs (Austria, Belgium, Catalonia, Denmark, Netherlands)."
R00471,Lu & Wang 2024,EXCLUDE,I2,YOLOv9 variants trained and tested within each of four agricultural detection datasets; no cross-dataset test.
R00476,Gao et al. 2024,EXCLUDE,E3,Crop/residue/soil segmentation; 'independent validation set' is a random 40 of 200 images from the same campaign.
R00483,Cooper et al. 2023,EXCLUDE,I2,"FHB spike phenotyping pipeline; agreement with raters (r, ICC) across years and locations; no ID vs OOD performance of one model."
R00484,Ma et al. 2022,INCLUDE,,"Rice area mapping from Sentinel-1 time series (Sanjiang Plain); RIAU-Net trained on 2020, tested on 2020 (ID) and 2021 (OOD) with and without a similar-image-pair matching transfer mechanism."
R00487,Praveen et al. 2019,FIG,I2-fig,"Agricultural LULC (UP -> Bihar, India) transferability of SVM/RF in GEE; Table 8 (transferability) not machine-readable (image); generic LULC classes with crop classes unclear."
R00491,Shi et al. 2022,EXCLUDE,I2,"Background-aware UDA for plant counting (maize tassels MTC, rice seedlings RPC); source-only and adapted errors on target only; no source test or oracle."
R00492,Bumbaca & Borgogno-Mondino 2025,FIG,I2-fig,"Maize seedling counting: detectors trained on in-domain vs out-of-distribution datasets, evaluated on target test tiles (oracle-type comparison); R2 by training source shown only in figures."
R00504,Bai et al. 2022,EXCLUDE,I2,"Rice bacterial blight severity: ATT-LSTM classifier evaluated in lab (accuracy 0.94); field data evaluated with a derived disease index (correlation -0.84), a different metric."
R00508,Liu et al. 2024,EXCLUDE,E3,Pest classification (40 classes) with a random 70/20/10 split only.
R00514,Gaso et al. 2025,EXCLUDE,I2,"Within-field soybean yield (Uruguay, 310 fields, 2020-2022): across-field and across-year tests only (RRMSE 35% vs 51%); no in-distribution comparator."
R00521,Sun et al. 2017,EXCLUDE,I2,Rice leaf N estimation comparing regression algorithms and sensors on pooled varieties/locations; no explicit out-of-domain test.
R00570,Yang et al. 2023,FIG,I2-fig,"Rice mapping model pre-trained in Mississippi (US) and transferred to NE China: zero-shot F-score 0.2253 and 10-sample fine-tuned 0.8816 (tables); source-region 10-fold CV accuracy and target 10-fold CV (oracle) only in Figures 5, 23."
R00574,Sitokonstantinou et al. 2021,FIG,I2-fig,Paddy rice RF trained on pseudo-labels at one Korean site and applied to two others; site-level kappa for transferred models shown in figures; tables report pseudo-label quality and land-cover masks.
R00609,Wayama et al. 2024,INCLUDE,,"Plant pest/damage identification (cucumber, eggplant, strawberry, tomato); RQ1 compares test images from the same farms as training vs different farms (Table 1, per-class F1, 13 classes). Macro F1 derived as class mean."
R00635,Monzó et al. 2023,INCLUDE,,"Abandoned vs productive citrus orchard classification (Sentinel-2, Valencia); random 4-fold CV vs spatial CV for three datasets (text); temporal transfer only in a figure."
R00636,Wang et al. 2024,EXCLUDE,I2,"Fourier domain adaptation for grape leaf disease (source 8:2 train/val, target as test); target accuracies with and without FDA; no source-test accuracy found. [VERIFY]"
R00643,Xu et al. 2025,FIG,I2-fig,Maize hyperspectral trait models: random splits vs unseen genotypes vs unseen seasons (nested CV); performance shown in figures only.
R00665,Zhang et al. 2026,INCLUDE,,"Apple detection; trained on TSAppleData (ID test, Table 3) and tested without retraining on public datasets AppleBBCH76, AppleBBCH81 (Table 5) and MinneApple."
R00666,Chen et al. 2024,INCLUDE,,"Cropland extraction from Landsat (MSC-ResUNet); validation-sample accuracy (ID; F1 derived from precision 0.985, recall 0.974) vs regional robustness test (other region) and temporal transferability test (other year)."
R00675,Wiggers et al. 2022,EXCLUDE,I2,Bean plant counting from RPA images of one field; no out-of-domain test.
R00692,Li et al. 2023,INCLUDE,,"Crop-type mapping (U-Net, Sentinel-2, Hetao Irrigation District): models built on 2021 (ID; best key-period F1 in text) and applied to two 2020 test areas on two dates (OOD; table). OOD = mean of 4 values per crop (derived)."
R00709,Xiao et al. 2023,EXCLUDE,I2,TWDTW vs RF crop classification with limited Sentinel-1 samples; tables report a single test design; temporal/spatial generalisation claims not tabulated as ID vs OOD. [VERIFY]
R00725,Hu et al. 2025,INCLUDE,,"Class-agnostic (exemplar-based, 3-shot) plant counting; models trained on PAC-105 (ID test) and tested on PAC-Somalia (32 exclusive species, different country). R2 used (also MAE)."
R00745,Halder et al. 2025,EXCLUDE,I2,Maize yield mapping across Africa; expanding-window temporal CV and spatial patterns (figures); no in-distribution comparator.
R00768,Vanpoucke et al. 2024,FIG,I2-fig,"Winter catch-crop classification (Sentinel-2): 75/25 split (ID) vs independent 2022 campaign (temporal transfer); F1 over the season shown in figures, text gives threshold timings only."
R00777,Roggiolani et al. 2025,INCLUDE,,"Crop/weed/soil segmentation (ERFNet) trained fully supervised on PhenoBench or Sugar Beets (UAV), evaluated in-domain and on other datasets (Sugar Beets, PhenoBench, Carrots, Onions - UGV); fine-tuning on automatically generated labels of the target (no manual labels) as mitigation (generalisation table, Section 4.4)."
R00792,Kerner et al. 2020,EXCLUDE,I2,In-season crop-type classification with growth-stage normalisation (US); compares fixed vs normalised dates and early vs mid season; no explicit ID vs OOD pair identified. [VERIFY]
R00037,Lottes et al. 2019,INCLUDE,,"Joint stem detection and crop/weed segmentation (BoniRob, RGB+NIR): trained on Bonn; ID = 10% split of Bonn; OOD = Stuttgart and Ancona fields (other robots/cameras). Stem detection mAP from results table; stem-seg = without sequential module, stem-seg-S = with image-sequence module."
R00044,Weyler et al. 2023,INCLUDE,,Domain generalisation for crop/weed segmentation (DeepLabV3+); conventional training vs proposed DG framework; source test vs unseen target fields (mean over targets); upper bound = target-trained models (text values; Table II).
R00094,Wang et al. 2022,EXCLUDE,I2,Multi-source UDA crop mapping (US sources -> China targets); direct-transfer and adapted accuracies on targets; no source-domain test result reported in text (tables not machine-readable). [VERIFY]
R00132,Ouamane et al. 2025,EXCLUDE,I2,"Optimised ViT for plant disease; within-dataset results on PlantVillage, Taiwan tomato, BananaLSD; 'cross-dataset validation' combined with fine-tuning; no source-only cross-dataset test."
R00781,Maleki et al. 2024,INCLUDE,,"Rapeseed detection from Sentinel-1 time series (La Rochelle, 2018-2020); same-year train/test (random split, 5 repeats; ID) vs train on one year/test on another (OOD); mean F1 per temporal window (W2 early season, W5 full series)."
R00805,Huan et al. 2025,EXCLUDE,I2,Self-supervised pretraining for plant disease; results within PlantDoc and within PlantVillage after fine-tuning; no cross-dataset source-only test.
R00807,Yadav et al. 2025,EXCLUDE,I3,"Cross-crop transfer (potato -> sweet potato yield, UAV): frozen source feature extractor with retrained regression layers on target data; no source-only (zero-shot) target result."
R00813,Radočaj et al. 2026,EXCLUDE,I2,Self-supervised pretraining for tomato/potato disease; experiments pool crops in training; 'cross-crop generalisation' refers to pooled models; no train-on-one-crop/test-on-other result.
R00826,Khanna et al. 2022,EXCLUDE,I2,"Continuous domain generalisation for crop classification (Landsat, four US quadrants, leave-one-quadrant-out); target accuracies only; no source-domain test result."
R00827,Wang et al. 2024,EXCLUDE,I2,"MultiCropGAN cross-domain early crop mapping (label-space discrepancies); direct-transfer and adapted OA/F1 on target only; source evaluation split used for early stopping, not reported."
R00866,Fedotov et al. 2025,FIG,I2-fig,Wheat stem rust hyperspectral classification with cross-testing between two experiments and DAI-based cross-validation; F1 distributions shown only in figures.
