rid,study,model,task,shift,cat,mod,fam,metric,group,id,ood,oracle,mit,adapted,labels,ret,gap_pp,dr2,err_ratio,g,g_o,ret_o,abstract,preprint,derived
R00004,Lottes et al. 2018,Vanilla FCN (encoder-decoder),W,time,time,proximal spectral,convolutional,avg F1 object-wise (%),bounded,0.967,0.725,,none,,,0.7497,24.2,,,,,,False,False,False
R00004,Lottes et al. 2018,Vanilla FCN (encoder-decoder),W,location,location,proximal spectral,convolutional,avg F1 object-wise (%),bounded,0.967,0.693,,none,,,0.7166,27.4,,,,,,False,False,False
R00004,Lottes et al. 2018,FCN + preprocessing + sequential module (proposed),W,time,time,proximal spectral,convolutional,avg F1 object-wise (%),bounded,0.967,0.725,,DG,0.866,0.0,0.7497,24.2,,,0.5826,,,False,False,False
R00004,Lottes et al. 2018,FCN + preprocessing + sequential module (proposed),W,location,location,proximal spectral,convolutional,avg F1 object-wise (%),bounded,0.967,0.693,,DG,0.924,0.0,0.7166,27.4,,,0.8431,,,False,False,False
R00004,Lottes et al. 2018,FCN + preprocessing + sequential module (proposed),W,biological,biological,proximal spectral,convolutional,avg F1 object-wise (%),bounded,0.969,0.923,,DG-only,,,,,,,,,,False,False,False
R00015,Ramcharan et al. 2019,SSD MobileNet,D,sensor,sensor,proximal RGB,convolutional,F1,bounded,0.79,0.54,,none,,,0.6835,25.0,,,,,,False,False,False
R00015,Ramcharan et al. 2019,SSD MobileNet,D,sensor,sensor,proximal RGB,convolutional,F1,bounded,0.79,0.48,,none,,,0.6076,31.0,,,,,,False,False,False
R00056,Ma et al. 2021,Random forest,Y,location,location,satellite / airborne,classical ML,R2,r2,0.74,0.52,0.63,none,,,,,0.22,,,,,False,False,False
R00056,Ma et al. 2021,Random forest,Y,location,location,satellite / airborne,classical ML,R2,r2,0.63,0.19,0.74,none,,,,,0.44,,,,,False,False,False
R00056,Ma et al. 2021,DNN,Y,location,location,satellite / airborne,"other deep learning (MLP, DNN, unspecified)",R2,r2,0.73,0.56,0.71,UDA,0.68,0.0,,,0.17,,0.7059,0.8,,False,False,False
R00056,Ma et al. 2021,DNN,Y,location,location,satellite / airborne,"other deep learning (MLP, DNN, unspecified)",R2,r2,0.71,0.34,0.73,UDA,0.73,0.0,,,0.37,,1.0541,1.0,,False,False,False
R00056,Ma et al. 2021,Random forest,Y,location,location,satellite / airborne,classical ML,R2,r2,0.75,0.54,0.51,none,,,,,0.21,,,,,False,False,False
R00056,Ma et al. 2021,Random forest,Y,location,location,satellite / airborne,classical ML,R2,r2,0.51,0.48,0.75,none,,,,,0.03,,,,,False,False,False
R00056,Ma et al. 2021,DNN,Y,location,location,satellite / airborne,"other deep learning (MLP, DNN, unspecified)",R2,r2,0.81,0.43,0.55,UDA,0.67,0.0,,,0.38,,0.6316,2.0,,False,False,False
R00056,Ma et al. 2021,DNN,Y,location,location,satellite / airborne,"other deep learning (MLP, DNN, unspecified)",R2,r2,0.55,0.55,0.81,UDA,0.76,0.0,,,0.0,,,0.8077,,False,False,False
R00056,Ma et al. 2021,Random forest,Y,location,location,satellite / airborne,classical ML,R2,r2,0.73,0.58,0.61,none,,,,,0.15,,,,,False,False,False
R00056,Ma et al. 2021,Random forest,Y,location,location,satellite / airborne,classical ML,R2,r2,0.61,0.52,0.73,none,,,,,0.09,,,,,False,False,False
R00056,Ma et al. 2021,DNN,Y,location,location,satellite / airborne,"other deep learning (MLP, DNN, unspecified)",R2,r2,0.75,0.52,0.75,UDA,0.73,0.0,,,0.23,,0.913,0.913,,False,False,False
R00056,Ma et al. 2021,DNN,Y,location,location,satellite / airborne,"other deep learning (MLP, DNN, unspecified)",R2,r2,0.75,0.64,0.75,UDA,0.77,0.0,,,0.11,,1.1818,1.1818,,False,False,False
R00056,Ma et al. 2021,Random forest,Y,location,location,satellite / airborne,classical ML,R2,r2,0.76,0.49,0.54,none,,,,,0.27,,,,,False,False,False
R00056,Ma et al. 2021,Random forest,Y,location,location,satellite / airborne,classical ML,R2,r2,0.54,0.53,0.76,none,,,,,0.01,,,,,False,False,False
R00056,Ma et al. 2021,DNN,Y,location,location,satellite / airborne,"other deep learning (MLP, DNN, unspecified)",R2,r2,0.79,0.3,0.56,UDA,0.57,0.0,,,0.49,,0.551,1.0385,,False,False,False
R00056,Ma et al. 2021,DNN,Y,location,location,satellite / airborne,"other deep learning (MLP, DNN, unspecified)",R2,r2,0.56,0.49,0.79,UDA,0.78,0.0,,,0.07,,4.1429,0.9667,,False,False,False
R00057,Ilyas et al. 2023,DeepLabV3+ ResNet-101,W,location+sensor,compound,proximal RGB,convolutional,mIoU (%),bounded,0.7957,0.689,,none,,,0.8659,10.67,,,,,,False,False,False
R00057,Ilyas et al. 2023,DeepLabV3+ ResNet-101,W,location+sensor,compound,proximal RGB,convolutional,mIoU (%),bounded,0.7957,0.5934,,none,,,0.7458,20.23,,,,,,False,False,False
R00057,Ilyas et al. 2023,DeepLabV3+ ResNet-101,W,location+sensor,compound,proximal RGB,convolutional,mIoU (%),bounded,0.7957,0.4043,,none,,,0.5081,39.14,,,,,,False,False,False
R00057,Ilyas et al. 2023,DeepLabV3+ ResNet-101,W,location+sensor,compound,proximal RGB,convolutional,mIoU (%),bounded,0.7957,0.5434,,none,,,0.6829,25.23,,,,,,False,False,False
R00057,Ilyas et al. 2023,DeepLabV3+ ResNet-101 (aug. scheduling),W,location+sensor,compound,proximal RGB,convolutional,mIoU (%),bounded,0.8481,0.7575,0.9325,UDA,0.842,0.0,0.8932,9.06,,,0.9327,0.4829,0.8123,False,False,False
R00057,Ilyas et al. 2023,DeepLabV3+ ResNet-101 (aug. scheduling),W,location+sensor,compound,proximal RGB,convolutional,mIoU (%),bounded,0.8481,0.6985,0.835,UDA,0.7352,0.0,0.8236,14.96,,,0.2453,0.2689,0.8365,False,False,False
R00057,Ilyas et al. 2023,DeepLabV3+ ResNet-101 (aug. scheduling),W,location+sensor,compound,proximal RGB,convolutional,mIoU (%),bounded,0.8481,0.5688,0.6156,UDA,0.6171,0.0,0.6707,27.93,,,0.1729,1.0321,0.924,False,False,False
R00057,Ilyas et al. 2023,DeepLabV3+ ResNet-101 (aug. scheduling),W,location+sensor,compound,proximal RGB,convolutional,mIoU (%),bounded,0.8481,0.6069,0.8342,UDA,0.747,0.0,0.7156,24.12,,,0.5808,0.6164,0.7275,False,False,False
R00073,Mohammadi et al. 2023,DeepCropMapping (attention BiLSTM),M,location,location,satellite / airborne,transformer / attention,mIoU (%),bounded,0.838,0.813,,none,,,0.9702,2.5,,,,,,False,False,False
R00073,Mohammadi et al. 2023,Transformer,M,location,location,satellite / airborne,transformer / attention,mIoU (%),bounded,0.827,0.812,,none,,,0.9819,1.5,,,,,,False,False,False
R00073,Mohammadi et al. 2023,Random forest,M,location,location,satellite / airborne,classical ML,mIoU (%),bounded,0.817,0.794,,none,,,0.9718,2.3,,,,,,False,False,False
R00073,Mohammadi et al. 2023,MLP,M,location,location,satellite / airborne,"other deep learning (MLP, DNN, unspecified)",mIoU (%),bounded,0.801,0.795,,none,,,0.9925,0.6,,,,,,False,False,False
R00073,Mohammadi et al. 2023,3D FCN + IoU loss + supervised-contrastive middle supervision (proposed),M,location,location,satellite / airborne,convolutional,mIoU (%),bounded,0.873,0.818,,DG-only,,,,,,,,,,False,False,False
R00082,Hosseini et al. 2024,"Stacked ensemble (SVM, RF, CART, GBT; MD meta-classifier)",M,time,time,satellite / airborne,classical ML,OA (%),bounded,0.9424,0.9182,,none,,,0.9743,2.42,,,,,,False,False,False
R00082,Hosseini et al. 2024,Stacked ensemble,M,time,time,satellite / airborne,classical ML,OA (%),bounded,0.9424,0.9097,,none,,,0.9653,3.27,,,,,,False,False,False
R00097,Gao et al. 2023,UNet,W,sensor,sensor,UAV,convolutional,mIoU,bounded,0.698,0.601,,none,,,0.861,9.7,,,,,,False,False,False
R00097,Gao et al. 2023,SegNet,W,sensor,sensor,UAV,convolutional,mIoU,bounded,0.75,0.609,,none,,,0.812,14.1,,,,,,False,False,False
R00097,Gao et al. 2023,FCN-8s,W,sensor,sensor,UAV,convolutional,mIoU,bounded,0.736,0.538,,none,,,0.731,19.8,,,,,,False,False,False
R00097,Gao et al. 2023,Proposed network without preprocessing (Proposed*),W,sensor,sensor,UAV,"other deep learning (MLP, DNN, unspecified)",mIoU,bounded,0.661,0.454,,DG,0.617,0.0,0.6868,20.7,,,0.7874,,,False,False,False
R00098,Guth et al. 2023,VGG-16,D,acquisition,acquisition,proximal RGB,convolutional,accuracy (class mean),bounded,0.894,0.444,0.847,none,,,0.4966,45.0,,,,,0.5242,False,False,True
R00098,Guth et al. 2023,Inception v3,D,acquisition,acquisition,proximal RGB,convolutional,accuracy (class mean),bounded,0.937,0.526,0.893,none,,,0.5614,41.1,,,,,0.589,False,False,True
R00098,Guth et al. 2023,ResNet-152,D,acquisition,acquisition,proximal RGB,convolutional,accuracy (class mean),bounded,0.954,0.562,0.918,none,,,0.5891,39.2,,,,,0.6122,False,False,True
R00121,Cap et al. 2020,ResNet-101 (baseline),D,location,location,proximal RGB,convolutional,"accuracy, class average (%)",bounded,0.972,0.713,,DG,0.787,0.0,0.7335,25.9,,,0.2857,,,False,False,False
R00131,Sykas et al. 2022,U-Net,M,location,location,satellite / airborne,convolutional,weighted F1 (%),bounded,0.8261,0.5785,,none,,,0.7003,24.76,,,,,,False,False,False
R00131,Sykas et al. 2022,ConvLSTM,M,location,location,satellite / airborne,recurrent,weighted F1 (%),bounded,0.8518,0.5656,,none,,,0.664,28.62,,,,,,False,False,False
R00131,Sykas et al. 2022,ConvSTAR,M,location,location,satellite / airborne,recurrent,weighted F1 (%),bounded,0.8038,0.5215,,none,,,0.6488,28.23,,,,,,False,False,False
R00131,Sykas et al. 2022,U-Net,M,location+time,compound,satellite / airborne,convolutional,weighted F1 (%),bounded,0.8261,0.4354,,none,,,0.5271,39.07,,,,,,False,False,False
R00131,Sykas et al. 2022,ConvLSTM,M,location+time,compound,satellite / airborne,recurrent,weighted F1 (%),bounded,0.8518,0.4047,,none,,,0.4751,44.71,,,,,,False,False,False
R00131,Sykas et al. 2022,ConvSTAR,M,location+time,compound,satellite / airborne,recurrent,weighted F1 (%),bounded,0.8038,0.3445,,none,,,0.4286,45.93,,,,,,False,False,False
R00177,Rodríguez-Vázquez et al. 2023,counting CNN (supervised baseline),O,location,location,UAV,convolutional,rMAE (%),error,,59.39,2.39,UDA,2.44,0.0,,,,,,0.9991,,False,False,False
R00177,Rodríguez-Vázquez et al. 2023,counting CNN,O,location,location,UAV,convolutional,rMAE (%),error,,56.93,6.43,UDA,5.94,0.0,,,,,,1.0097,,False,False,False
R00177,Rodríguez-Vázquez et al. 2023,counting CNN,O,location,location,UAV,convolutional,rMAE (%),error,,48.6,1.39,UDA,1.42,0.0,,,,,,0.9994,,False,False,False
R00177,Rodríguez-Vázquez et al. 2023,counting CNN,O,location,location,UAV,convolutional,rMAE (%),error,,87.12,3.44,UDA,6.24,0.0,,,,,,0.9665,,False,False,False
R00177,Rodríguez-Vázquez et al. 2023,counting CNN,O,location,location,UAV,convolutional,rMAE (%),error,,91.79,1.42,UDA,7.85,0.0,,,,,,0.9288,,False,False,False
R00177,Rodríguez-Vázquez et al. 2023,counting CNN,O,location,location,UAV,convolutional,rMAE (%),error,,82.95,2.16,UDA,74.85,0.0,,,,,,0.1003,,False,False,False
R00206,Shao et al. 2016,Neural network (MLP),M,location,location,satellite / airborne,"other deep learning (MLP, DNN, unspecified)",OA,bounded,,0.77,0.81,none,,,,,,,,,0.9506,False,False,False
R00206,Shao et al. 2016,Neural network (MLP),M,location,location,satellite / airborne,"other deep learning (MLP, DNN, unspecified)",OA,bounded,,0.84,0.85,none,,,,,,,,,0.9882,False,False,False
R00206,Shao et al. 2016,Neural network (MLP),M,location,location,satellite / airborne,"other deep learning (MLP, DNN, unspecified)",OA,bounded,,0.73,0.78,none,,,,,,,,,0.9359,False,False,False
R00206,Shao et al. 2016,Neural network (MLP),M,location,location,satellite / airborne,"other deep learning (MLP, DNN, unspecified)",OA,bounded,,0.82,0.83,none,,,,,,,,,0.988,False,False,False
R00223,Sapkota et al. 2022,YOLOv4,W,time,time,proximal RGB,convolutional,AP@0.5,bounded,0.88,0.79,,none,,,0.8977,9.0,,,,,,False,False,False
R00223,Sapkota et al. 2022,YOLOv4,W,biological,biological,proximal RGB,convolutional,AP@0.5,bounded,0.88,0.83,,none,,,0.9432,5.0,,,,,,False,False,False
R00223,Sapkota et al. 2022,YOLOv4,W,biological+time,compound,proximal RGB,convolutional,AP@0.5,bounded,0.88,0.35,,none,,,0.3977,53.0,,,,,,False,False,False
R00223,Sapkota et al. 2022,YOLOv4,W,biological+time,compound,proximal RGB,convolutional,AP@0.5,bounded,0.88,0.72,,none,,,0.8182,16.0,,,,,,False,False,False
R00223,Sapkota et al. 2022,YOLOv4,W,biological+time,compound,proximal RGB,convolutional,AP@0.5,bounded,0.88,0.33,,none,,,0.375,55.0,,,,,,False,False,False
R00223,Sapkota et al. 2022,Faster R-CNN,W,time,time,proximal RGB,convolutional,AP@0.5,bounded,0.87,0.74,,none,,,0.8506,13.0,,,,,,False,False,False
R00223,Sapkota et al. 2022,Faster R-CNN,W,biological,biological,proximal RGB,convolutional,AP@0.5,bounded,0.87,0.76,,none,,,0.8736,11.0,,,,,,False,False,False
R00223,Sapkota et al. 2022,Faster R-CNN,W,biological+time,compound,proximal RGB,convolutional,AP@0.5,bounded,0.87,0.6,,none,,,0.6897,27.0,,,,,,False,False,False
R00223,Sapkota et al. 2022,Faster R-CNN,W,biological+time,compound,proximal RGB,convolutional,AP@0.5,bounded,0.87,0.62,,none,,,0.7126,25.0,,,,,,False,False,False
R00223,Sapkota et al. 2022,Faster R-CNN,W,biological+time,compound,proximal RGB,convolutional,AP@0.5,bounded,0.87,0.39,,none,,,0.4483,48.0,,,,,,False,False,False
R00259,Nyborg et al. 2022,PSE-TAE (source-trained),M,location,location,satellite / airborne,transformer / attention,macro F1 (%),bounded,,0.283,0.746,UDA,0.574,0.0,,,,,,0.6285,0.3794,False,False,False
R00259,Nyborg et al. 2022,PSE-TAE,M,location,location,satellite / airborne,transformer / attention,macro F1 (%),bounded,,0.29,0.724,UDA,0.47,0.0,,,,,,0.4147,0.4006,False,False,False
R00259,Nyborg et al. 2022,PSE-TAE,M,location,location,satellite / airborne,transformer / attention,macro F1 (%),bounded,,0.434,0.869,UDA,0.617,0.0,,,,,,0.4207,0.4994,False,False,False
R00259,Nyborg et al. 2022,PSE-TAE,M,location,location,satellite / airborne,transformer / attention,macro F1 (%),bounded,,0.249,0.906,UDA,0.521,0.0,,,,,,0.414,0.2748,False,False,False
R00259,Nyborg et al. 2022,PSE-TAE,M,location,location,satellite / airborne,transformer / attention,macro F1 (%),bounded,,0.703,0.857,UDA,0.73,0.0,,,,,,0.1753,0.8203,False,False,False
R00275,Khallaghi et al. 2025,U-Net-type CNN (baseline),M,time,time,satellite / airborne,convolutional,"F1, field class (%)",bounded,0.6817,0.3849,,DG,0.5989,0.0,0.5646,29.68,,,0.721,,,False,False,False
R00275,Khallaghi et al. 2025,U-Net-type CNN (baseline),M,time,time,satellite / airborne,convolutional,"F1, field class (%)",bounded,0.6817,0.2101,,DG,0.5077,0.0,0.3082,47.16,,,0.631,,,False,False,False
R00275,Khallaghi et al. 2025,U-Net-type CNN (baseline),M,time,time,satellite / airborne,convolutional,"F1, field class (%)",bounded,0.6817,0.3008,,DG,0.5857,0.0,0.4412,38.09,,,0.748,,,False,False,False
R00275,Khallaghi et al. 2025,U-Net-type CNN (baseline),M,time,time,satellite / airborne,convolutional,"F1, field class (%)",bounded,0.6817,0.3796,,DG,0.6126,0.0,0.5568,30.21,,,0.7713,,,False,False,False
R00127,Krishna et al. 2025,ResNet50,D,acquisition,acquisition,proximal RGB,convolutional,accuracy,bounded,0.5508,0.6515,0.6616,none,,,1.1828,-10.07,,,,,0.9847,False,False,False
R00127,Krishna et al. 2025,EfficientNet-B3,D,acquisition,acquisition,proximal RGB,convolutional,accuracy,bounded,0.7163,0.7677,0.7777,none,,,1.0718,-5.14,,,,,0.9871,False,False,False
R00127,Krishna et al. 2025,DenseNet201,D,acquisition,acquisition,proximal RGB,convolutional,accuracy,bounded,0.7034,0.7323,0.7424,none,,,1.0411,-2.89,,,,,0.9864,False,False,False
R00127,Krishna et al. 2025,EfficientNet-B0,D,acquisition,acquisition,proximal RGB,convolutional,accuracy,bounded,0.7203,0.7374,0.7878,none,,,1.0237,-1.71,,,,,0.936,False,False,False
R00186,Lin et al. 2021,CNN,M,location,location,satellite / airborne,convolutional,F1,bounded,0.877,0.844,,none,,,0.9624,3.3,,,,,,False,False,False
R00186,Lin et al. 2021,CNN,M,location,location,satellite / airborne,convolutional,F1,bounded,0.901,0.882,,none,,,0.9789,1.9,,,,,,False,False,False
R00200,He et al. 2019,Random forest,M,location,location,satellite / airborne,classical ML,F1,bounded,0.715,0.693,,none,,,0.9692,2.2,,,,,,False,False,False
R00200,He et al. 2019,Random forest,M,location,location,satellite / airborne,classical ML,F1,bounded,0.715,0.671,,none,,,0.9385,4.4,,,,,,False,False,False
R00200,He et al. 2019,Random forest,M,location,location,satellite / airborne,classical ML,F1,bounded,0.715,0.667,,none,,,0.9329,4.8,,,,,,False,False,False
R00200,He et al. 2019,Random forest,M,location,location,satellite / airborne,classical ML,F1,bounded,0.715,0.529,,none,,,0.7399,18.6,,,,,,False,False,False
R00200,He et al. 2019,Random forest,M,location,location,satellite / airborne,classical ML,F1,bounded,0.715,0.13,,none,,,0.1818,58.5,,,,,,False,False,False
R00213,Pan et al. 2021,PSPNet,D,location,location,UAV,convolutional,accuracy (%),bounded,0.98,0.98,,none,,,1.0,0.0,,,,,,False,False,False
R00227,Ban et al. 2022,PLSR,P,location+sensor,compound,UAV,classical ML,R2,r2,0.81,0.71,,none,,,,,0.1,,,,,False,False,False
R00227,Ban et al. 2022,SVR,P,location+sensor,compound,UAV,classical ML,R2,r2,0.86,0.69,,none,,,,,0.17,,,,,False,False,False
R00227,Ban et al. 2022,ANN,P,location+sensor,compound,UAV,"other deep learning (MLP, DNN, unspecified)",R2,r2,0.86,0.12,,none,,,,,0.74,,,,,False,False,False
R00227,Ban et al. 2022,PLSR,P,location+sensor,compound,UAV,classical ML,R2,r2,0.79,0.74,,none,,,,,0.05,,,,,False,False,False
R00227,Ban et al. 2022,SVR,P,location+sensor,compound,UAV,classical ML,R2,r2,0.86,0.14,,none,,,,,0.72,,,,,False,False,False
R00227,Ban et al. 2022,ANN,P,location+sensor,compound,UAV,"other deep learning (MLP, DNN, unspecified)",R2,r2,0.84,0.69,,none,,,,,0.15,,,,,False,False,False
R00244,Gilcher & Udelhoven 2021,Random forest (ranger),M,time,time,satellite / airborne,classical ML,F1,bounded,0.965,0.489,,none,,,0.5067,47.6,,,,,,False,False,False
R00244,Gilcher & Udelhoven 2021,Random forest (ranger),M,location,location,satellite / airborne,classical ML,F1,bounded,0.965,0.679,,none,,,0.7036,28.6,,,,,,False,False,False
R00244,Gilcher & Udelhoven 2021,Random forest (ranger),M,location+time,compound,satellite / airborne,classical ML,F1,bounded,0.965,0.45,,none,,,0.4663,51.5,,,,,,False,False,False
R00244,Gilcher & Udelhoven 2021,XGBoost,M,time,time,satellite / airborne,classical ML,F1,bounded,0.944,0.488,,none,,,0.5169,45.6,,,,,,False,False,False
R00244,Gilcher & Udelhoven 2021,XGBoost,M,location,location,satellite / airborne,classical ML,F1,bounded,0.944,0.674,,none,,,0.714,27.0,,,,,,False,False,False
R00244,Gilcher & Udelhoven 2021,XGBoost,M,location+time,compound,satellite / airborne,classical ML,F1,bounded,0.944,0.449,,none,,,0.4756,49.5,,,,,,False,False,False
R00244,Gilcher & Udelhoven 2021,FCNN,M,time,time,satellite / airborne,convolutional,F1,bounded,0.853,0.553,,none,,,0.6483,30.0,,,,,,False,False,False
R00244,Gilcher & Udelhoven 2021,FCNN,M,location,location,satellite / airborne,convolutional,F1,bounded,0.853,0.738,,none,,,0.8652,11.5,,,,,,False,False,False
R00244,Gilcher & Udelhoven 2021,FCNN,M,location+time,compound,satellite / airborne,convolutional,F1,bounded,0.853,0.508,,none,,,0.5955,34.5,,,,,,False,False,False
R00244,Gilcher & Udelhoven 2021,U-Net,M,time,time,satellite / airborne,convolutional,F1,bounded,0.875,0.612,,none,,,0.6994,26.3,,,,,,False,False,False
R00244,Gilcher & Udelhoven 2021,U-Net,M,location,location,satellite / airborne,convolutional,F1,bounded,0.875,0.771,,none,,,0.8811,10.4,,,,,,False,False,False
R00244,Gilcher & Udelhoven 2021,U-Net,M,location+time,compound,satellite / airborne,convolutional,F1,bounded,0.875,0.561,,none,,,0.6411,31.4,,,,,,False,False,False
R00301,Hoppe et al. 2024,"Majority voting (XGBoost, RF, SVM, SGD, MLP)",M,location,location,satellite / airborne,classical ML,macro F1 (%),bounded,0.822,0.65,,none,,,0.7908,17.2,,,,,,False,False,True
R00336,Koike et al. 2024,"Transformer, daily-normalised (proposed input)",P,location,location,satellite / airborne,transformer / attention,R2,r2,0.788,0.718,,UDA,0.755,0.0,,,0.07,,0.5286,,,False,False,False
R00346,Han et al. 2023,Random forest,M,location+time,compound,satellite / airborne,classical ML,mean F1 over 6 crops (%),bounded,0.5762,0.2026,,none,,,0.3516,37.36,,,,,,False,False,True
R00346,Han et al. 2023,LSTM,M,location+time,compound,satellite / airborne,recurrent,mean F1 over 6 crops (%),bounded,0.7233,0.2937,,none,,,0.4061,42.96,,,,,,False,False,True
R00346,Han et al. 2023,ConvLSTM,M,location+time,compound,satellite / airborne,recurrent,mean F1 over 6 crops (%),bounded,0.7746,0.3504,,none,,,0.4524,42.42,,,,,,False,False,True
R00346,Han et al. 2023,3D U-Net,M,location+time,compound,satellite / airborne,convolutional,mean F1 over 6 crops (%),bounded,0.8585,0.4283,,none,,,0.4989,43.02,,,,,,False,False,True
R00346,Han et al. 2023,U-TAE,M,location+time,compound,satellite / airborne,transformer / attention,mean F1 over 6 crops (%),bounded,0.788,0.4462,,none,,,0.5662,34.18,,,,,,False,False,True
R00346,Han et al. 2023,TPE-RNN,M,location+time,compound,satellite / airborne,recurrent,mean F1 over 6 crops (%),bounded,0.7799,0.461,,none,,,0.5911,31.89,,,,,,False,False,True
R00346,Han et al. 2023,STMA (proposed),M,location+time,compound,satellite / airborne,transformer / attention,mean F1 over 6 crops (%),bounded,0.9173,0.4983,,none,,,0.5432,41.9,,,,,,False,False,True
R00401,Lee et al. 2025,DenseNet121,D,acquisition,acquisition,proximal RGB,convolutional,accuracy (%),bounded,0.71,0.8508,,none,,,1.1983,-14.08,,,,,,False,False,False
R00401,Lee et al. 2025,Xception,D,acquisition,acquisition,proximal RGB,convolutional,accuracy (%),bounded,0.64,0.643,,none,,,1.0047,-0.3,,,,,,False,False,False
R00454,Selea 2023,LSTM (parcel barycentre),M,time,time,satellite / airborne,recurrent,weighted F1,bounded,0.7996,0.6244,,none,,,0.7809,17.52,,,,,,False,False,True
R00454,Selea 2023,LSTM (parcel barycentre),M,location,location,satellite / airborne,recurrent,weighted F1,bounded,0.7996,0.5272,,none,,,0.6593,27.24,,,,,,False,False,True
R00454,Selea 2023,U-Net (patches),M,time,time,satellite / airborne,convolutional,weighted F1,bounded,0.8259,0.6668,,none,,,0.8074,15.91,,,,,,False,False,True
R00454,Selea 2023,U-Net (patches),M,location,location,satellite / airborne,convolutional,weighted F1,bounded,0.8259,0.5552,,none,,,0.6722,27.07,,,,,,False,False,True
R00484,Ma et al. 2022,RIAU-Net (attention U-Net),M,time,time,satellite / airborne,transformer / attention,F1 (%),bounded,0.9089,0.7724,,DG,0.8063,0.0,0.8498,13.65,,,0.2484,,,False,False,False
R00609,Wayama et al. 2024,CNN classifier,D,location,location,proximal RGB,convolutional,macro F1 (%),bounded,0.9037,0.3408,,none,,,0.3771,56.29,,,,,,False,False,True
R00635,Monzó et al. 2023,Random forest,M,location,location,satellite / airborne,classical ML,OA,bounded,0.92,0.89,,none,,,0.9674,3.0,,,,,,False,False,False
R00635,Monzó et al. 2023,Random forest,M,location,location,satellite / airborne,classical ML,OA,bounded,0.96,0.94,,none,,,0.9792,2.0,,,,,,False,False,False
R00635,Monzó et al. 2023,Random forest,M,location,location,satellite / airborne,classical ML,OA,bounded,0.9,0.89,,none,,,0.9889,1.0,,,,,,False,False,False
R00665,Zhang et al. 2026,YOLO11,O,location+biological,compound,proximal RGB,convolutional,mAP50 (%),bounded,0.853,0.703,,none,,,0.8242,15.0,,,,,,False,False,False
R00665,Zhang et al. 2026,YOLO11,O,location+biological,compound,proximal RGB,convolutional,mAP50 (%),bounded,0.853,0.797,,none,,,0.9343,5.6,,,,,,False,False,False
R00665,Zhang et al. 2026,Faster R-CNN,O,location+biological,compound,proximal RGB,convolutional,mAP50 (%),bounded,0.822,0.468,,none,,,0.5693,35.4,,,,,,False,False,False
R00665,Zhang et al. 2026,Faster R-CNN,O,location+biological,compound,proximal RGB,convolutional,mAP50 (%),bounded,0.822,0.666,,none,,,0.8102,15.6,,,,,,False,False,False
R00665,Zhang et al. 2026,RT-DETR-18,O,location+biological,compound,proximal RGB,transformer / attention,mAP50 (%),bounded,0.847,0.703,,none,,,0.83,14.4,,,,,,False,False,False
R00665,Zhang et al. 2026,RT-DETR-18,O,location+biological,compound,proximal RGB,transformer / attention,mAP50 (%),bounded,0.847,0.79,,none,,,0.9327,5.7,,,,,,False,False,False
R00665,Zhang et al. 2026,MSRRT-DETR (proposed),O,location+biological,compound,proximal RGB,transformer / attention,mAP50 (%),bounded,0.873,0.719,,none,,,0.8236,15.4,,,,,,False,False,False
R00665,Zhang et al. 2026,MSRRT-DETR (proposed),O,location+biological,compound,proximal RGB,transformer / attention,mAP50 (%),bounded,0.873,0.825,,none,,,0.945,4.8,,,,,,False,False,False
R00666,Chen et al. 2024,MSC-ResUNet,M,location,location,satellite / airborne,convolutional,F1 (cropland),bounded,0.979,0.826,,none,,,0.8437,15.3,,,,,,False,False,True
R00666,Chen et al. 2024,MSC-ResUNet,M,time,time,satellite / airborne,convolutional,F1 (cropland),bounded,0.979,0.856,,none,,,0.8744,12.3,,,,,,False,False,False
R00692,Li et al. 2023,U-Net,M,time,time,satellite / airborne,convolutional,F1 (%),bounded,0.6916,0.7233,,none,,,1.0458,-3.17,,,,,,False,False,True
R00692,Li et al. 2023,U-Net,M,time,time,satellite / airborne,convolutional,F1 (%),bounded,0.7268,0.7453,,none,,,1.0255,-1.85,,,,,,False,False,True
R00692,Li et al. 2023,U-Net,M,time,time,satellite / airborne,convolutional,F1 (%),bounded,0.7813,0.7153,,none,,,0.9155,6.6,,,,,,False,False,True
R00692,Li et al. 2023,U-Net,M,time,time,satellite / airborne,convolutional,F1 (%),bounded,0.7122,0.7017,,none,,,0.9853,1.05,,,,,,False,False,True
R00725,Hu et al. 2025,TasselNetV4 (ViT-based counting foundation model),O,location+biological,compound,proximal RGB,transformer / attention,R2,r2,0.92,0.87,,none,,,,,0.05,,,,,False,False,False
R00725,Hu et al. 2025,CACViT,O,location+biological,compound,proximal RGB,transformer / attention,R2,r2,0.89,0.78,,none,,,,,0.11,,,,,False,False,False
R00725,Hu et al. 2025,CountTR,O,location+biological,compound,proximal RGB,"other deep learning (MLP, DNN, unspecified)",R2,r2,0.76,0.57,,none,,,,,0.19,,,,,False,False,False
R00777,Roggiolani et al. 2025,ERFNet,W,location+sensor,compound,UAV,convolutional,mIoU (%),bounded,0.716,0.392,,UDA,0.568,0.0,0.5475,32.4,,,0.5432,,,False,False,False
R00777,Roggiolani et al. 2025,ERFNet,W,location+sensor+biological,compound,UAV,convolutional,mIoU (%),bounded,0.716,0.491,,UDA,0.493,0.0,0.6858,22.5,,,0.0089,,,False,False,False
R00777,Roggiolani et al. 2025,ERFNet,W,location+sensor+biological,compound,UAV,convolutional,mIoU (%),bounded,0.716,0.314,,UDA,0.334,0.0,0.4385,40.2,,,0.0498,,,False,False,False
R00777,Roggiolani et al. 2025,ERFNet,W,location+sensor,compound,UAV,convolutional,mIoU (%),bounded,0.766,0.602,,UDA,0.636,0.0,0.7859,16.4,,,0.2073,,,False,False,False
R00777,Roggiolani et al. 2025,ERFNet,W,location+sensor+biological,compound,UAV,convolutional,mIoU (%),bounded,0.766,0.49,,UDA,0.537,0.0,0.6397,27.6,,,0.1703,,,False,False,False
R00777,Roggiolani et al. 2025,ERFNet,W,location+sensor+biological,compound,UAV,convolutional,mIoU (%),bounded,0.766,0.332,,UDA,0.378,0.0,0.4334,43.4,,,0.106,,,False,False,False
R00037,Lottes et al. 2019,stem-seg FCN (no sequence module),W,location+sensor,compound,proximal spectral,convolutional,stem detection mAP (%),bounded,0.744,0.465,,DG,0.669,0.0,0.625,27.9,,,0.7312,,,False,False,False
R00037,Lottes et al. 2019,stem-seg FCN (no sequence module),W,location+sensor,compound,proximal spectral,convolutional,stem detection mAP (%),bounded,0.744,0.192,,DG,0.429,0.0,0.2581,55.2,,,0.4293,,,False,False,False
R00044,Weyler et al. 2023,DeepLabV3+ (conventional training),W,location+sensor,compound,UAV,convolutional,mIoU,bounded,0.92,0.67,0.91,DG,0.82,0.0,0.7283,25.0,,,0.6,0.625,0.7363,False,False,False
R00781,Maleki et al. 2024,Random forest,M,time,time,satellite / airborne,classical ML,F1 (%),bounded,0.951,0.92,,none,,,0.9674,3.1,,,,,,False,False,False
R00781,Maleki et al. 2024,InceptionTime,M,time,time,satellite / airborne,convolutional,F1 (%),bounded,0.962,0.9,,none,,,0.9356,6.2,,,,,,False,False,False
R00781,Maleki et al. 2024,Random forest,M,time,time,satellite / airborne,classical ML,F1 (%),bounded,0.798,0.456,,none,,,0.5714,34.2,,,,,,False,False,False
R00781,Maleki et al. 2024,InceptionTime,M,time,time,satellite / airborne,convolutional,F1 (%),bounded,0.889,0.41,,none,,,0.4612,47.9,,,,,,False,False,False
R00192,Banet et al. 2024,CNN segmentation (V7 field model),P,biological,biological,proximal spectral,convolutional,R2 (root length vs manual),r2,0.81,0.9,0.96,none,,,,,-0.09,,,,,False,False,False
R00192,Banet et al. 2024,CNN segmentation (R2 field model),P,biological,biological,proximal spectral,convolutional,R2 (root length vs manual),r2,0.96,0.73,0.81,none,,,,,0.23,,,,,False,False,False
R00192,Banet et al. 2024,CNN segmentation (V7 field model),P,acquisition+biological,compound,proximal spectral,convolutional,R2 (root length vs manual),r2,0.81,0.82,0.93,none,,,,,-0.01,,,,,False,False,False
R00192,Banet et al. 2024,CNN segmentation (R2 field model),P,acquisition,acquisition,proximal spectral,convolutional,R2 (root length vs manual),r2,0.96,0.6,0.61,none,,,,,0.36,,,,,False,False,False
R00273,Abdalla et al. 2020,Inceptionv3 features + LSTM,D,time,time,satellite / airborne,recurrent,accuracy (%),bounded,0.92,0.92,,none,,,1.0,0.0,,,,,,False,False,False
R00475,Aarizou et al. 2026,MobileNet-v3,D,biological,biological,proximal RGB,convolutional,top-1 accuracy (%),bounded,0.9993,0.8703,,none,,,0.8709,12.9,,,,,,False,False,False
R00475,Aarizou et al. 2026,MobileNet-v3,D,acquisition,acquisition,proximal RGB,convolutional,top-1 accuracy (%),bounded,0.9993,0.3185,0.9294,none,,,0.3187,68.08,,,,,0.3427,False,False,False
R00475,Aarizou et al. 2026,MobileNet-v3,D,acquisition,acquisition,proximal RGB,convolutional,top-1 accuracy (%),bounded,0.9993,0.4604,,none,,,0.4607,53.89,,,,,,False,False,False
R00475,Aarizou et al. 2026,MobileNet-v3,D,biological,biological,proximal RGB,convolutional,top-1 accuracy (%),bounded,0.989,0.9166,,none,,,0.9268,7.24,,,,,,False,False,False
R00475,Aarizou et al. 2026,MobileNet-v3,D,acquisition,acquisition,proximal RGB,convolutional,top-1 accuracy (%),bounded,0.989,0.3913,0.9408,none,,,0.3957,59.77,,,,,0.4159,False,False,False
R00475,Aarizou et al. 2026,MobileNet-v3,D,acquisition,acquisition,proximal RGB,convolutional,top-1 accuracy (%),bounded,0.989,0.6168,,none,,,0.6237,37.22,,,,,,False,False,False
R00475,Aarizou et al. 2026,ShuffleNet-v2,D,biological,biological,proximal RGB,convolutional,top-1 accuracy (%),bounded,0.9987,0.9329,,none,,,0.9341,6.58,,,,,,False,False,False
R00475,Aarizou et al. 2026,ShuffleNet-v2,D,acquisition,acquisition,proximal RGB,convolutional,top-1 accuracy (%),bounded,0.9987,0.1074,0.8814,none,,,0.1075,89.13,,,,,0.1219,False,False,False
R00475,Aarizou et al. 2026,ShuffleNet-v2,D,acquisition,acquisition,proximal RGB,convolutional,top-1 accuracy (%),bounded,0.9987,0.4728,,none,,,0.4734,52.59,,,,,,False,False,False
R00475,Aarizou et al. 2026,ShuffleNet-v2,D,biological,biological,proximal RGB,convolutional,top-1 accuracy (%),bounded,0.9863,0.859,,none,,,0.8709,12.73,,,,,,False,False,False
R00475,Aarizou et al. 2026,ShuffleNet-v2,D,acquisition,acquisition,proximal RGB,convolutional,top-1 accuracy (%),bounded,0.9863,0.3511,0.9689,none,,,0.356,63.52,,,,,0.3624,False,False,False
R00475,Aarizou et al. 2026,ShuffleNet-v2,D,acquisition,acquisition,proximal RGB,convolutional,top-1 accuracy (%),bounded,0.9863,0.6099,,none,,,0.6184,37.64,,,,,,False,False,False
R00475,Aarizou et al. 2026,SqueezeNet,D,biological,biological,proximal RGB,convolutional,top-1 accuracy (%),bounded,0.9973,0.966,,none,,,0.9686,3.13,,,,,,False,False,False
R00475,Aarizou et al. 2026,SqueezeNet,D,acquisition,acquisition,proximal RGB,convolutional,top-1 accuracy (%),bounded,0.9973,0.0527,0.923,none,,,0.0528,94.46,,,,,0.0571,False,False,False
R00475,Aarizou et al. 2026,SqueezeNet,D,acquisition,acquisition,proximal RGB,convolutional,top-1 accuracy (%),bounded,0.9973,0.3548,,none,,,0.3558,64.25,,,,,,False,False,False
R00475,Aarizou et al. 2026,SqueezeNet,D,biological,biological,proximal RGB,convolutional,top-1 accuracy (%),bounded,0.9826,0.9103,,none,,,0.9264,7.23,,,,,,False,False,False
R00475,Aarizou et al. 2026,SqueezeNet,D,acquisition,acquisition,proximal RGB,convolutional,top-1 accuracy (%),bounded,0.9826,0.1125,0.9831,none,,,0.1145,87.01,,,,,0.1144,False,False,False
R00475,Aarizou et al. 2026,SqueezeNet,D,acquisition,acquisition,proximal RGB,convolutional,top-1 accuracy (%),bounded,0.9826,0.5141,,none,,,0.5232,46.85,,,,,,False,False,False
R00823,Wu et al. 2026,ViT,D,biological,biological,proximal RGB,transformer / attention,top-1 accuracy (%),bounded,0.9934,0.2478,,none,,,0.2494,74.56,,,,,,False,False,False
R00823,Wu et al. 2026,CLIP (fine-tuned),D,biological,biological,proximal RGB,transformer / attention,top-1 accuracy (%),bounded,0.9859,0.4932,,none,,,0.5003,49.27,,,,,,False,False,False
R00823,Wu et al. 2026,"TDC (proposed, CLIP-based disentangled)",D,biological,biological,proximal RGB,transformer / attention,top-1 accuracy (%),bounded,0.9804,0.7429,,DG-only,,,,,,,,,,False,False,False
R00874,Tang et al. 2026,multi-scale CNN + temporal transformer (proposed),Y,location,location,satellite / airborne,transformer / attention,R2,r2,0.74,0.69,,none,,,,,0.05,,,,,False,False,False
R00952,Li et al. 2023,Random forest,M,location,location,satellite / airborne,classical ML,OA,bounded,0.862,0.91,,none,,,1.0557,-4.8,,,,,,False,False,False
R00952,Li et al. 2023,Random forest,M,location,location,satellite / airborne,classical ML,OA,bounded,0.862,0.87,,none,,,1.0093,-0.8,,,,,,False,False,False
R00952,Li et al. 2023,Random forest,M,location,location,satellite / airborne,classical ML,OA,bounded,0.862,0.81,,none,,,0.9397,5.2,,,,,,False,False,False
R01000,Wang et al. 2022,ESPCN,M,location,location,satellite / airborne,convolutional,OA,bounded,0.7827,0.6924,,none,,,0.8846,9.03,,,,,,False,False,False
R01000,Wang et al. 2022,UNet,M,location,location,satellite / airborne,convolutional,OA,bounded,0.807,0.6669,,none,,,0.8264,14.01,,,,,,False,False,False
R01000,Wang et al. 2022,Swin Transformer,M,location,location,satellite / airborne,transformer / attention,OA,bounded,0.868,0.6992,,none,,,0.8055,16.88,,,,,,False,False,False
R01000,Wang et al. 2022,ST-DRes,M,location,location,satellite / airborne,convolutional,OA,bounded,0.8894,0.7096,,none,,,0.7978,17.98,,,,,,False,False,False
R01000,Wang et al. 2022,ESPCN,M,location,location,satellite / airborne,convolutional,OA,bounded,0.7827,0.5132,,none,,,0.6557,26.95,,,,,,False,False,False
R01000,Wang et al. 2022,UNet,M,location,location,satellite / airborne,convolutional,OA,bounded,0.807,0.4949,,none,,,0.6133,31.21,,,,,,False,False,False
R01000,Wang et al. 2022,Swin Transformer,M,location,location,satellite / airborne,transformer / attention,OA,bounded,0.868,0.5251,,none,,,0.605,34.29,,,,,,False,False,False
R01000,Wang et al. 2022,ST-DRes,M,location,location,satellite / airborne,convolutional,OA,bounded,0.8894,0.5418,,none,,,0.6092,34.76,,,,,,False,False,False
R01000,Wang et al. 2022,ESPCN,M,time,time,satellite / airborne,convolutional,OA,bounded,0.7827,0.6589,,none,,,0.8418,12.38,,,,,,False,False,False
R01000,Wang et al. 2022,UNet,M,time,time,satellite / airborne,convolutional,OA,bounded,0.807,0.6831,,none,,,0.8465,12.39,,,,,,False,False,False
R01000,Wang et al. 2022,Swin Transformer,M,time,time,satellite / airborne,transformer / attention,OA,bounded,0.868,0.6001,,none,,,0.6914,26.79,,,,,,False,False,False
R01000,Wang et al. 2022,ST-DRes,M,time,time,satellite / airborne,convolutional,OA,bounded,0.8894,0.6862,,none,,,0.7715,20.32,,,,,,False,False,False
R01000,Wang et al. 2022,ESPCN,M,location+time,compound,satellite / airborne,convolutional,OA,bounded,0.7827,0.6131,,none,,,0.7833,16.96,,,,,,False,False,False
R01000,Wang et al. 2022,UNet,M,location+time,compound,satellite / airborne,convolutional,OA,bounded,0.807,0.5664,,none,,,0.7019,24.06,,,,,,False,False,False
R01000,Wang et al. 2022,Swin Transformer,M,location+time,compound,satellite / airborne,transformer / attention,OA,bounded,0.868,0.5686,,none,,,0.6551,29.94,,,,,,False,False,False
R01000,Wang et al. 2022,ST-DRes,M,location+time,compound,satellite / airborne,convolutional,OA,bounded,0.8894,0.6335,,none,,,0.7123,25.59,,,,,,False,False,False
R01000,Wang et al. 2022,ESPCN,M,location+time,compound,satellite / airborne,convolutional,OA,bounded,0.7827,0.4631,,none,,,0.5917,31.96,,,,,,False,False,False
R01000,Wang et al. 2022,UNet,M,location+time,compound,satellite / airborne,convolutional,OA,bounded,0.807,0.561,,none,,,0.6952,24.6,,,,,,False,False,False
R01000,Wang et al. 2022,Swin Transformer,M,location+time,compound,satellite / airborne,transformer / attention,OA,bounded,0.868,0.6271,,none,,,0.7225,24.09,,,,,,False,False,False
R01000,Wang et al. 2022,ST-DRes,M,location+time,compound,satellite / airborne,convolutional,OA,bounded,0.8894,0.6872,,none,,,0.7727,20.22,,,,,,False,False,False
R00994,Zhao et al. 2025,best per trait (RF/GB/Ridge),P,location,location,UAV,classical ML,R2 (leaf moisture),r2,0.607,0.502,0.512,none,,,,,0.105,,,,,False,False,False
R00994,Zhao et al. 2025,best per trait,P,location,location,UAV,classical ML,R2 (SPAD),r2,0.912,0.597,0.866,none,,,,,0.315,,,,,False,False,False
R00994,Zhao et al. 2025,best per trait,P,location,location,UAV,classical ML,R2 (LAI),r2,0.864,0.577,0.785,none,,,,,0.287,,,,,False,False,False
R00994,Zhao et al. 2025,best per trait,P,location,location,UAV,classical ML,R2 (leaf moisture),r2,0.512,0.435,0.607,none,,,,,0.077,,,,,False,False,False
R00994,Zhao et al. 2025,best per trait,P,location,location,UAV,classical ML,R2 (SPAD),r2,0.866,0.831,0.912,none,,,,,0.035,,,,,False,False,False
R00994,Zhao et al. 2025,best per trait,P,location,location,UAV,classical ML,R2 (LAI),r2,0.785,0.584,0.864,none,,,,,0.201,,,,,False,False,False
R00994,Zhao et al. 2025,best per trait,P,time,time,UAV,classical ML,R2 (leaf moisture),r2,0.607,0.464,0.513,DG,0.603,0.0,,,0.143,,0.972,2.8367,,False,False,False
R00994,Zhao et al. 2025,best per trait,P,time,time,UAV,classical ML,R2 (SPAD),r2,0.912,0.514,0.956,DG,0.658,0.0,,,0.398,,0.3618,0.3258,,False,False,False
R00994,Zhao et al. 2025,best per trait,P,time,time,UAV,classical ML,R2 (LAI),r2,0.864,0.583,0.972,DG,0.849,0.0,,,0.281,,0.9466,0.6838,,False,False,False
R01060,Pokharel et al. 2026,XGBoost,Y,time,time,UAV,classical ML,R2,r2,0.873,0.624,,none,,,,,0.249,,,,,False,False,False
R01133,Bohra et al. 2025,DNN,Y,location,location,satellite / airborne,"other deep learning (MLP, DNN, unspecified)",R2,r2,,-29.9,0.566,FT,0.607,,,,,,,1.0013,,False,False,False
R01133,Bohra et al. 2025,DNN,Y,location,location,satellite / airborne,"other deep learning (MLP, DNN, unspecified)",R2,r2,,-22.1,0.768,FT,0.769,,,,,,,1.0,,False,False,False
R01133,Bohra et al. 2025,DNN,Y,location,location,satellite / airborne,"other deep learning (MLP, DNN, unspecified)",R2,r2,,-25.0,0.682,FT,0.637,,,,,,,0.9982,,False,False,False
R01133,Bohra et al. 2025,DNN,Y,location,location,satellite / airborne,"other deep learning (MLP, DNN, unspecified)",R2,r2,,-30.0,0.527,FT,0.553,,,,,,,1.0009,,False,False,False
R01133,Bohra et al. 2025,Random forest,Y,location,location,satellite / airborne,classical ML,R2,r2,,-5.14,0.625,none,,,,,,,,,,False,False,False
R01133,Bohra et al. 2025,Random forest,Y,location,location,satellite / airborne,classical ML,R2,r2,,-3.16,0.685,none,,,,,,,,,,False,False,False
R01133,Bohra et al. 2025,Random forest,Y,location,location,satellite / airborne,classical ML,R2,r2,,-5.07,0.734,none,,,,,,,,,,False,False,False
R01133,Bohra et al. 2025,Random forest,Y,location,location,satellite / airborne,classical ML,R2,r2,,-7.07,0.389,none,,,,,,,,,,False,False,False
R01136,Görlich et al. 2021,CNN semantic segmentation,D,time,time,UAV,convolutional,mean F1 (%),bounded,0.7574,0.7555,,none,,,0.9975,0.19,,,,,,False,False,False
R01202,Yu et al. 2022,Improved U-Net,W,location+time,compound,UAV,convolutional,Dice,bounded,0.921,0.892,,none,,,0.9685,2.9,,,,,,False,False,True
R01209,Xiang et al. 2026,ResNet-50 (fine-tuned),D,acquisition,acquisition,proximal RGB,convolutional,accuracy (%),bounded,0.9973,0.3205,,UDA,0.343,0.0,0.3214,67.68,,,0.0332,,,False,False,False
R01209,Xiang et al. 2026,ResNet-50 frozen (ImageNet supervised),D,acquisition,acquisition,proximal RGB,convolutional,accuracy (%),bounded,0.9803,0.2806,,none,,,0.2862,69.97,,,,,,False,False,False
R01209,Xiang et al. 2026,ViT-S/16 frozen (ImageNet supervised),D,acquisition,acquisition,proximal RGB,transformer / attention,accuracy (%),bounded,0.9865,0.4205,,none,,,0.4263,56.6,,,,,,False,False,False
R01209,Xiang et al. 2026,DINOv2-S/14 frozen (self-supervised),D,acquisition,acquisition,proximal RGB,transformer / attention,accuracy (%),bounded,0.9848,0.4306,,none,,,0.4372,55.42,,,,,,False,False,False
R01209,Xiang et al. 2026,CLIP ViT-B/16 frozen (vision-language),D,acquisition,acquisition,proximal RGB,transformer / attention,accuracy (%),bounded,0.9828,0.4152,,none,,,0.4225,56.76,,,,,,False,False,False
R01209,Xiang et al. 2026,CLIP ResNet-50 frozen (vision-language),D,acquisition,acquisition,proximal RGB,transformer / attention,accuracy (%),bounded,0.981,0.2917,,none,,,0.2973,68.93,,,,,,False,False,False
R01250,Thirupathi et al. 2026,hybrid CNN,D,acquisition+biological,compound,proximal RGB,convolutional,accuracy (%),bounded,0.998,0.6197,,none,,,0.6209,37.83,,,,,,False,False,False
R01402,Zhang et al. 2025,HGFormer,W,acquisition,acquisition,proximal RGB,transformer / attention,mIoU (%),bounded,0.7989,0.2452,,none,,,0.3069,55.37,,,,,,False,False,False
R01402,Zhang et al. 2025,SAN,W,acquisition,acquisition,proximal RGB,"other deep learning (MLP, DNN, unspecified)",mIoU (%),bounded,0.8266,0.2125,,none,,,0.2571,61.41,,,,,,False,False,False
R01402,Zhang et al. 2025,WS-SIS,W,acquisition,acquisition,proximal RGB,convolutional,mIoU (%),bounded,0.7717,0.2318,,none,,,0.3004,53.99,,,,,,False,False,False
R01402,Zhang et al. 2025,PMNet,W,acquisition,acquisition,proximal RGB,convolutional,mIoU (%),bounded,0.8728,0.2406,,none,,,0.2757,63.22,,,,,,False,False,False
R01402,Zhang et al. 2025,ESL,W,acquisition,acquisition,proximal RGB,"other deep learning (MLP, DNN, unspecified)",mIoU (%),bounded,0.815,0.2092,,none,,,0.2567,60.58,,,,,,False,False,False
R01402,Zhang et al. 2025,EDAPS,W,acquisition,acquisition,proximal RGB,transformer / attention,mIoU (%),bounded,0.8165,0.2159,,none,,,0.2644,60.06,,,,,,False,False,False
R01402,Zhang et al. 2025,PSANet,W,acquisition,acquisition,proximal RGB,convolutional,mIoU (%),bounded,0.7827,0.2183,,none,,,0.2789,56.44,,,,,,False,False,False
R01402,Zhang et al. 2025,PIDNet,W,acquisition,acquisition,proximal RGB,convolutional,mIoU (%),bounded,0.8305,0.2166,,none,,,0.2608,61.39,,,,,,False,False,False
R01402,Zhang et al. 2025,DSCA-PSPNet,W,acquisition,acquisition,proximal RGB,convolutional,mIoU (%),bounded,0.8089,0.2504,,none,,,0.3096,55.85,,,,,,False,False,False
R01402,Zhang et al. 2025,"proposed (adversarial style generalisation, DGB + RAIN)",W,acquisition,acquisition,proximal RGB,"other deep learning (MLP, DNN, unspecified)",mIoU (%),bounded,0.9054,0.3966,,DG-only,,,,,,,,,,False,False,False
R01424,Zhao et al. 2026,STA-UNet,M,time,time,satellite / airborne,convolutional,OA (%),bounded,0.948,0.9016,,none,,,0.9511,4.64,,,,,,False,False,False
R01424,Zhao et al. 2026,STA-UNet,M,time,time,satellite / airborne,convolutional,OA (%),bounded,0.948,0.8019,,none,,,0.8459,14.61,,,,,,False,False,False
R01424,Zhao et al. 2026,STA-UNet,M,time,time,satellite / airborne,convolutional,OA (%),bounded,0.9412,0.8476,,none,,,0.9006,9.36,,,,,,False,False,False
R01424,Zhao et al. 2026,STA-UNet,M,time,time,satellite / airborne,convolutional,OA (%),bounded,0.9412,0.761,,none,,,0.8085,18.02,,,,,,False,False,False
R01424,Zhao et al. 2026,STA-UNet,M,time,time,satellite / airborne,convolutional,OA (%),bounded,0.9191,0.8453,,none,,,0.9197,7.38,,,,,,False,False,False
R01424,Zhao et al. 2026,STA-UNet,M,time,time,satellite / airborne,convolutional,OA (%),bounded,0.9191,0.8886,,none,,,0.9668,3.05,,,,,,False,False,False
R01424,Zhao et al. 2026,Ms-TTC,M,time,time,satellite / airborne,transformer / attention,OA (%),bounded,0.9311,0.8479,,none,,,0.9106,8.32,,,,,,False,False,False
R01424,Zhao et al. 2026,Ms-TTC,M,time,time,satellite / airborne,transformer / attention,OA (%),bounded,0.9311,0.7702,,none,,,0.8272,16.09,,,,,,False,False,False
R01424,Zhao et al. 2026,Ms-TTC,M,time,time,satellite / airborne,transformer / attention,OA (%),bounded,0.9248,0.7482,,none,,,0.809,17.66,,,,,,False,False,False
R01424,Zhao et al. 2026,Ms-TTC,M,time,time,satellite / airborne,transformer / attention,OA (%),bounded,0.9248,0.7144,,none,,,0.7725,21.04,,,,,,False,False,False
R01424,Zhao et al. 2026,Ms-TTC,M,time,time,satellite / airborne,transformer / attention,OA (%),bounded,0.8943,0.8316,,none,,,0.9299,6.27,,,,,,False,False,False
R01424,Zhao et al. 2026,Ms-TTC,M,time,time,satellite / airborne,transformer / attention,OA (%),bounded,0.8943,0.8704,,none,,,0.9733,2.39,,,,,,False,False,False
R01424,Zhao et al. 2026,STA-UNet,M,location,location,satellite / airborne,convolutional,OA (%),bounded,0.948,0.8632,,none,,,0.9105,8.48,,,,,,False,False,False
R01424,Zhao et al. 2026,STA-UNet,M,location,location,satellite / airborne,convolutional,OA (%),bounded,0.9412,0.8753,,none,,,0.93,6.59,,,,,,False,False,False
R01424,Zhao et al. 2026,STA-UNet,M,location,location,satellite / airborne,convolutional,OA (%),bounded,0.9191,0.8502,,none,,,0.925,6.89,,,,,,False,False,False
R01424,Zhao et al. 2026,Ms-TTC,M,location,location,satellite / airborne,transformer / attention,OA (%),bounded,0.9311,0.8242,,none,,,0.8852,10.69,,,,,,False,False,False
R01424,Zhao et al. 2026,Ms-TTC,M,location,location,satellite / airborne,transformer / attention,OA (%),bounded,0.9248,0.8286,,none,,,0.896,9.62,,,,,,False,False,False
R01424,Zhao et al. 2026,Ms-TTC,M,location,location,satellite / airborne,transformer / attention,OA (%),bounded,0.8943,0.8379,,none,,,0.9369,5.64,,,,,,False,False,False
R01424,Zhao et al. 2026,STA-UNet,M,location,location,satellite / airborne,convolutional,OA (%),bounded,0.948,0.8225,,none,,,0.8676,12.55,,,,,,False,False,False
R01424,Zhao et al. 2026,STA-UNet,M,location,location,satellite / airborne,convolutional,OA (%),bounded,0.9412,0.8293,,none,,,0.8811,11.19,,,,,,False,False,False
R01424,Zhao et al. 2026,STA-UNet,M,location,location,satellite / airborne,convolutional,OA (%),bounded,0.9191,0.7884,,none,,,0.8578,13.07,,,,,,False,False,False
R01424,Zhao et al. 2026,Ms-TTC,M,location,location,satellite / airborne,transformer / attention,OA (%),bounded,0.9311,0.8122,,none,,,0.8723,11.89,,,,,,False,False,False
R01424,Zhao et al. 2026,Ms-TTC,M,location,location,satellite / airborne,transformer / attention,OA (%),bounded,0.9248,0.8285,,none,,,0.8959,9.63,,,,,,False,False,False
R01424,Zhao et al. 2026,Ms-TTC,M,location,location,satellite / airborne,transformer / attention,OA (%),bounded,0.8943,0.7715,,none,,,0.8627,12.28,,,,,,False,False,False
R01453,Bebie & Kyparissis 2026,Extra Trees,Y,time,time,satellite / airborne,classical ML,R2,r2,0.919,0.495,,none,,,,,0.424,,,,,False,False,False
R01453,Bebie & Kyparissis 2026,LightGBM,Y,time,time,satellite / airborne,classical ML,R2,r2,0.908,0.489,,none,,,,,0.419,,,,,False,False,False
R01453,Bebie & Kyparissis 2026,Random forest,Y,time,time,satellite / airborne,classical ML,R2,r2,0.908,0.509,,none,,,,,0.399,,,,,False,False,False
R01453,Bebie & Kyparissis 2026,XGBoost,Y,time,time,satellite / airborne,classical ML,R2,r2,0.902,0.473,,none,,,,,0.429,,,,,False,False,False
R01526,Wang et al. 2026,VISA (proposed segmentation network),W,location,location,UAV,convolutional,mIoU,bounded,0.756,0.712,,none,,,0.9418,4.4,,,,,,False,False,False
R01526,Wang et al. 2026,VISA,W,location,location,UAV,convolutional,mIoU,bounded,0.756,0.718,,none,,,0.9497,3.8,,,,,,False,False,False
R01526,Wang et al. 2026,VISA,W,time,time,UAV,convolutional,mIoU,bounded,0.756,0.692,,none,,,0.9153,6.4,,,,,,False,False,False
R01646,Yang et al. 2026,U-Net,M,location,location,UAV,convolutional,mIoU (%),bounded,0.8619,0.8244,,PT,0.8416,0.0,0.9565,3.75,,,0.4587,,,False,False,True
R01646,Yang et al. 2026,DeepLabv3+,M,location,location,UAV,convolutional,mIoU (%),bounded,0.8045,0.6722,,PT,0.7345,0.0,0.8356,13.23,,,0.4709,,,False,False,True
R01646,Yang et al. 2026,HRNet,M,location,location,UAV,convolutional,mIoU (%),bounded,0.7736,0.6705,,PT,0.7058,0.0,0.8667,10.31,,,0.3424,,,False,False,True
R01646,Yang et al. 2026,PSPNet,M,location,location,UAV,convolutional,mIoU (%),bounded,0.7899,0.7264,,PT,0.7634,0.0,0.9196,6.35,,,0.5827,,,False,False,True
R01690,Ghaffari 2021,baseline temporal network,M,location,location,satellite / airborne,"other deep learning (MLP, DNN, unspecified)",accuracy (%),bounded,0.9663,0.4766,,UDA,0.7106,0.0,0.4932,48.97,,,0.4778,,,False,True,False
R01690,Ghaffari 2021,Random forest,M,location,location,satellite / airborne,classical ML,accuracy (%),bounded,0.9754,0.5117,,none,,,0.5246,46.37,,,,,,False,True,False
R01718,Gupta et al. 2023,ROI detector + CNN image classifier,D,acquisition,acquisition,proximal RGB,convolutional,accuracy (%),bounded,0.9695,0.8476,,none,,,0.8743,12.19,,,,,,False,True,False
R01718,Gupta et al. 2023,attention-based CNN classifier,D,acquisition,acquisition,proximal RGB,transformer / attention,accuracy (%),bounded,0.9417,0.8566,,none,,,0.9096,8.51,,,,,,False,True,False
R01721,Gajardo et al. 2025,Random forest,M,location,location,satellite / airborne,classical ML,F1,bounded,,0.743,0.78,FT,0.778,,,,,,,0.9459,0.9526,False,False,False
R01721,Gajardo et al. 2025,Random forest,M,location,location,satellite / airborne,classical ML,F1,bounded,,0.643,0.78,FT,0.684,,,,,,,0.2993,0.8244,False,False,False
R01721,Gajardo et al. 2025,single-headed LSTM,M,location,location,satellite / airborne,recurrent,F1,bounded,,0.752,0.774,FT,0.809,,,,,,,2.5909,0.9716,False,False,False
R01721,Gajardo et al. 2025,single-headed LSTM,M,location,location,satellite / airborne,recurrent,F1,bounded,,0.702,0.774,FT,0.749,,,,,,,0.6528,0.907,False,False,False
R01756,Cornelissen et al. 2025,Predictor-Only CNN,P,acquisition,acquisition,proximal spectral,convolutional,R2,r2,0.68,0.29,0.73,none,,,,,0.39,,,,,False,False,False
R01756,Cornelissen et al. 2025,Predictor-Only CNN,P,acquisition,acquisition,proximal spectral,convolutional,R2,r2,0.68,0.15,0.54,none,,,,,0.53,,,,,False,False,False
R01756,Cornelissen et al. 2025,Predictor-Only CNN,P,acquisition,acquisition,proximal spectral,convolutional,R2,r2,0.73,0.19,0.68,none,,,,,0.54,,,,,False,False,False
R01756,Cornelissen et al. 2025,Predictor-Only CNN,P,time,time,proximal spectral,convolutional,R2,r2,0.73,0.12,0.54,none,,,,,0.61,,,,,False,False,False
R01756,Cornelissen et al. 2025,Predictor-Only CNN,P,acquisition,acquisition,proximal spectral,convolutional,R2,r2,0.54,0.16,0.68,none,,,,,0.38,,,,,False,False,False
R01756,Cornelissen et al. 2025,Predictor-Only CNN,P,time,time,proximal spectral,convolutional,R2,r2,0.54,0.15,0.73,none,,,,,0.39,,,,,False,False,False
R01756,Cornelissen et al. 2025,Predictor-Only CNN (two-domain training),P,acquisition+time,compound,proximal spectral,convolutional,R2,r2,,0.41,0.73,DG,0.62,0.0,,,,,,0.6562,,False,False,False
R01756,Cornelissen et al. 2025,Predictor-Only CNN (two-domain training),P,acquisition+time,compound,proximal spectral,convolutional,R2,r2,,0.19,0.54,DG,0.4,0.0,,,,,,0.6,,False,False,False
R01880,Liu et al. 2026,VMamba-FCS (proposed),D,location+acquisition,compound,proximal RGB,transformer / attention,accuracy (%),bounded,0.9362,0.713,,none,,,0.7616,22.32,,,,,,False,False,False
R01880,Liu et al. 2026,EdgeNeXt-Small,D,location+acquisition,compound,proximal RGB,convolutional,accuracy (%),bounded,0.7602,0.587,,none,,,0.7722,17.32,,,,,,False,False,False
R01880,Liu et al. 2026,RepViT,D,location+acquisition,compound,proximal RGB,transformer / attention,accuracy (%),bounded,0.8504,0.623,,none,,,0.7326,22.74,,,,,,False,False,False
R01880,Liu et al. 2026,DilatedFormer,D,location+acquisition,compound,proximal RGB,transformer / attention,accuracy (%),bounded,0.8581,0.658,,none,,,0.7668,20.01,,,,,,False,False,False
R01880,Liu et al. 2026,ResNet-50,D,location+acquisition,compound,proximal RGB,convolutional,accuracy (%),bounded,0.7206,0.521,,none,,,0.723,19.96,,,,,,False,False,False
R01899,Kaur & Sandhu 2026,ResNet-50,D,acquisition,acquisition,proximal RGB,convolutional,accuracy (%),bounded,0.9421,0.6231,0.7853,none,,,0.6614,31.9,,,,,0.7935,False,False,False
R01899,Kaur & Sandhu 2026,EfficientNet-B4,D,acquisition,acquisition,proximal RGB,convolutional,accuracy (%),bounded,0.9514,0.6582,0.8022,none,,,0.6918,29.32,,,,,0.8205,False,False,False
R01899,Kaur & Sandhu 2026,Swin-T,D,acquisition,acquisition,proximal RGB,transformer / attention,accuracy (%),bounded,0.9635,0.6942,0.8271,none,,,0.7205,26.93,,,,,0.8393,False,False,False
R01899,Kaur & Sandhu 2026,ViT-Base MAE pretraining + full fine-tuning (ablation baseline),D,acquisition,acquisition,proximal RGB,transformer / attention,accuracy (%),bounded,0.9582,0.6613,,SSL,0.7864,0.0,0.6901,29.69,,,0.4214,,,False,False,False
R01902,Benbahria et al. 2020,CNN segmentation (ImageNet-pretrained encoder),M,time,time,satellite / airborne,convolutional,"IoU, irrigated class (%)",bounded,0.87,0.37,,none,,,0.4253,50.0,,,,,,False,False,False
R01902,Benbahria et al. 2020,CNN segmentation (ImageNet-pretrained encoder),M,time,time,satellite / airborne,convolutional,"IoU, irrigated class (%)",bounded,0.87,0.28,,none,,,0.3218,59.0,,,,,,False,False,False
R02099,Dunđerski et al. 2026,XGBoost,Y,time,time,tabular / weather,classical ML,R2,r2,0.57,-0.07,,none,,,,,0.64,,,,,False,False,False
R02099,Dunđerski et al. 2026,Linear regression,Y,time,time,tabular / weather,classical ML,R2,r2,0.56,-0.58,,none,,,,,1.14,,,,,False,False,False
R02099,Dunđerski et al. 2026,Elastic net,Y,time,time,tabular / weather,classical ML,R2,r2,0.55,0.13,,none,,,,,0.42,,,,,False,False,False
R02099,Dunđerski et al. 2026,Random forest,Y,time,time,tabular / weather,classical ML,R2,r2,0.55,0.0,,none,,,,,0.55,,,,,False,False,False
R02099,Dunđerski et al. 2026,Multi-output neural network,Y,time,time,tabular / weather,"other deep learning (MLP, DNN, unspecified)",R2,r2,0.49,-0.16,,none,,,,,0.65,,,,,False,False,False
R02122,Thapa et al. 2026,Random forest,P,time,time,UAV,classical ML,R2 (biomass),r2,0.88,-0.39,,none,,,,,1.27,,,,,False,False,False
R02122,Thapa et al. 2026,Random forest,P,time,time,UAV,classical ML,R2 (biomass),r2,0.88,0.44,,none,,,,,0.44,,,,,False,False,False
R02134,Nejadshamsi et al. 2026,"FARM-C (foundation model, fine-tuned)",Y,time,time,satellite / airborne,transformer / attention,RMSE,error,0.425,0.581,,none,,,,,,1.3671,,,,False,False,False
R02134,Nejadshamsi et al. 2026,"FARM-PA (foundation model, fine-tuned)",Y,time,time,satellite / airborne,transformer / attention,RMSE,error,0.653,0.792,,none,,,,,,1.2129,,,,False,False,False
R02150,Deng & Lu 2026,YOLO26,W,time,time,proximal RGB,convolutional,mAP50 (%),bounded,0.869,0.296,,PT,0.415,0.0,0.3406,57.3,,,0.2077,,,False,True,False
R02150,Deng & Lu 2026,YOLO26,W,time,time,proximal RGB,convolutional,mAP50 (%),bounded,0.869,0.425,,PT,0.565,0.0,0.4891,44.4,,,0.3153,,,False,True,False
R02150,Deng & Lu 2026,YOLO26* (modified head),W,time,time,proximal RGB,convolutional,mAP50 (%),bounded,0.903,0.339,,none,,,0.3754,56.4,,,,,,False,True,False
R02150,Deng & Lu 2026,YOLO26* (modified head),W,time,time,proximal RGB,convolutional,mAP50 (%),bounded,0.903,0.463,,none,,,0.5127,44.0,,,,,,False,True,False
R02213,Zdraveska et al. 2026,YOLO26s,W,location+sensor,compound,proximal RGB,convolutional,mAP50:95,bounded,0.603,0.148,,none,,,0.2454,45.5,,,,,,False,True,False
R02224,Maleki et al. 2025,InceptionTime,M,location,location,satellite / airborne,convolutional,F1 (%),bounded,0.9202,0.967,,none,,,1.0509,-4.68,,,,,,False,False,False
R02224,Maleki et al. 2025,Random forest,M,location,location,satellite / airborne,classical ML,F1 (%),bounded,0.8989,0.959,,none,,,1.0669,-6.01,,,,,,False,False,False
R02224,Maleki et al. 2025,InceptionTime,M,location,location,satellite / airborne,convolutional,F1 (%),bounded,0.9541,0.9295,,none,,,0.9742,2.46,,,,,,False,False,False
R02224,Maleki et al. 2025,Random forest,M,location,location,satellite / airborne,classical ML,F1 (%),bounded,0.8551,0.9456,,none,,,1.1058,-9.05,,,,,,False,False,False
R02224,Maleki et al. 2025,InceptionTime,M,location,location,satellite / airborne,convolutional,F1 (%),bounded,0.9541,0.8872,,none,,,0.9299,6.69,,,,,,False,False,False
R02224,Maleki et al. 2025,Random forest,M,location,location,satellite / airborne,classical ML,F1 (%),bounded,0.8551,0.827,,none,,,0.9671,2.81,,,,,,False,False,False
R02224,Maleki et al. 2025,InceptionTime,M,location,location,satellite / airborne,convolutional,F1 (%),bounded,0.9387,0.971,,none,,,1.0344,-3.23,,,,,,False,False,False
R02250,Ho-Lam & Nguyen 2026,MobileNetV2,D,acquisition,acquisition,proximal RGB,convolutional,accuracy (%),bounded,0.9977,0.2857,,none,,,0.2864,71.2,,,,,,False,True,False
R02250,Ho-Lam & Nguyen 2026,ResNet18,D,acquisition,acquisition,proximal RGB,convolutional,accuracy (%),bounded,0.9967,0.2698,,none,,,0.2707,72.69,,,,,,False,True,False
R02250,Ho-Lam & Nguyen 2026,TinyCNN (scratch),D,acquisition,acquisition,proximal RGB,convolutional,accuracy (%),bounded,0.9888,0.131,,none,,,0.1325,85.78,,,,,,False,True,False
R02250,Ho-Lam & Nguyen 2026,TinyCNN (knowledge distillation),D,acquisition,acquisition,proximal RGB,convolutional,accuracy (%),bounded,0.9881,0.131,,none,,,0.1326,85.71,,,,,,False,True,False
R02305,Rahaman et al. 2026,Swin + ConvNeXt fusion (proposed),D,location+acquisition,compound,proximal RGB,transformer / attention,accuracy (%),bounded,0.9955,0.908,,none,,,0.9121,8.75,,,,,,False,False,False
R02312,Zhang et al. 2026,Random forest (multi-temporal),M,location+time,compound,satellite / airborne,classical ML,OA (%),bounded,0.9987,0.9013,,none,,,0.9025,9.74,,,,,,False,False,False
R02411,Martinez et al. 2021,U-Net + ConvLSTM baseline,M,time,time,satellite / airborne,recurrent,F1 (%),bounded,,0.447,0.617,none,,,,,,,,,0.7245,False,False,False
R02588,Kumar & Sharma 2026,ResNet18,D,acquisition+location,compound,proximal RGB,convolutional,accuracy,bounded,0.982,0.512,,none,,,0.5214,47.0,,,,,,False,False,False
R02588,Kumar & Sharma 2026,ResNet34,D,acquisition+location,compound,proximal RGB,convolutional,accuracy,bounded,1.0,0.542,,none,,,0.542,45.8,,,,,,False,False,False
R02588,Kumar & Sharma 2026,ResNet50,D,acquisition+location,compound,proximal RGB,convolutional,accuracy,bounded,1.0,0.542,,none,,,0.542,45.8,,,,,,False,False,False
R02598,Paul 2026,"CNNs (MobileNetV2, EfficientNet-B0, ResNet50), pooled",D,location+acquisition,compound,proximal RGB,convolutional,macro F1,bounded,0.719,0.436,,DG,0.506,0.0,0.6064,28.3,,,0.2473,,,False,True,False
R02598,Paul 2026,CNNs pooled,D,location+acquisition,compound,proximal RGB,convolutional,macro F1,bounded,0.719,0.436,,UDA,0.381,0.0,0.6064,28.3,,,-0.1943,,,False,True,True
R02598,Paul 2026,DINOv2 ViT-B/14 frozen probe,D,location+acquisition,compound,proximal RGB,transformer / attention,macro F1,bounded,0.721,0.451,,none,,,0.6255,27.0,,,,,,False,True,False
R02602,Mooraj et al. 2026,ResNet-50,D,acquisition,acquisition,proximal RGB,convolutional,macro F1 (%),bounded,0.967,0.043,,none,,,0.0445,92.4,,,,,,False,True,False
R02602,Mooraj et al. 2026,ConvNeXt-Tiny,D,acquisition,acquisition,proximal RGB,convolutional,macro F1 (%),bounded,0.975,0.063,,none,,,0.0646,91.2,,,,,,False,True,False
R02602,Mooraj et al. 2026,SigLIP linear probe,D,acquisition,acquisition,proximal RGB,transformer / attention,macro F1 (%),bounded,0.949,0.135,,none,,,0.1423,81.4,,,,,,False,True,False
R02602,Mooraj et al. 2026,Qwen2.5-VL-7B (LoRA),D,acquisition,acquisition,proximal RGB,transformer / attention,macro F1 (%),bounded,0.941,0.246,,none,,,0.2614,69.5,,,,,,False,True,False
R02602,Mooraj et al. 2026,ResNet-50,D,acquisition,acquisition,proximal RGB,convolutional,macro F1 (%),bounded,0.732,0.134,,none,,,0.1831,59.8,,,,,,False,True,False
R02602,Mooraj et al. 2026,ConvNeXt-Tiny,D,acquisition,acquisition,proximal RGB,convolutional,macro F1 (%),bounded,0.788,0.128,,none,,,0.1624,66.0,,,,,,False,True,False
R02611,Miranda et al. 2026,LSTM,Y,time,time,satellite / airborne,recurrent,R2 field level,r2,0.72,0.5,,other,0.55,0.0,,,0.22,,0.2273,,,False,True,False
R02611,Miranda et al. 2026,LSTM,Y,location,location,satellite / airborne,recurrent,R2 field level,r2,0.72,0.64,,other,0.65,0.0,,,0.08,,0.125,,,False,True,False
R02625,Scarlat et al. 2026,U-Net,M,location,location,satellite / airborne,convolutional,mIoU (all pixels),bounded,0.7665,0.3673,,none,,,0.4792,39.92,,,,,,False,True,False
R02625,Scarlat et al. 2026,U-Net,M,location,location,satellite / airborne,convolutional,mIoU (all pixels),bounded,0.7665,0.3836,,none,,,0.5005,38.29,,,,,,False,True,False
R02687,Chiatti et al. 2023,Mask R-CNN R50 (tune all),O,time,time,proximal RGB,convolutional,F1 (IoU 0.3-0.9),bounded,0.529,0.39,,none,,,0.7372,13.9,,,,,,False,True,False
R02687,Chiatti et al. 2023,Mask R-CNN R50 (tune all),O,acquisition+time,compound,proximal RGB,convolutional,F1 (IoU 0.3-0.9),bounded,0.529,0.517,,none,,,0.9773,1.2,,,,,,False,True,False
R02687,Chiatti et al. 2023,Mask R-CNN R50 (tune all),O,time,time,proximal RGB,convolutional,F1 (IoU 0.3-0.9),bounded,0.529,0.484,,none,,,0.9149,4.5,,,,,,False,True,False
R02687,Chiatti et al. 2023,Mask R-CNN R50 (tune all),O,biological+time,compound,proximal RGB,convolutional,F1 (IoU 0.3-0.9),bounded,0.529,0.008,,none,,,0.0151,52.1,,,,,,False,True,False
R02687,Chiatti et al. 2023,Mask R-CNN R50 (tune all),O,biological+time,compound,proximal RGB,convolutional,F1 (IoU 0.3-0.9),bounded,0.529,0.033,,none,,,0.0624,49.6,,,,,,False,True,False
R02913,Cánovas-Rodríguez et al. 2026,ResNet50,D,acquisition+location,compound,proximal RGB,convolutional,macro F1,bounded,0.764,0.5293,,FT,0.862,144.0,0.6928,23.47,,,1.4176,,,False,True,False
R02913,Cánovas-Rodríguez et al. 2026,DenseNet121,D,acquisition+location,compound,proximal RGB,convolutional,macro F1,bounded,0.801,0.4881,,FT,0.9278,144.0,0.6094,31.29,,,1.4052,,,False,True,False
R02913,Cánovas-Rodríguez et al. 2026,EfficientNetB0,D,acquisition+location,compound,proximal RGB,convolutional,macro F1,bounded,0.817,0.6567,,FT,0.6101,144.0,0.8038,16.03,,,-0.2907,,,False,True,False
R02913,Cánovas-Rodríguez et al. 2026,EfficientNetB3,D,acquisition+location,compound,proximal RGB,convolutional,macro F1,bounded,0.806,0.811,,FT,0.8527,144.0,1.0062,-0.5,,,,,,False,True,False
R02913,Cánovas-Rodríguez et al. 2026,VGG16,D,acquisition+location,compound,proximal RGB,convolutional,macro F1,bounded,0.75,0.326,,FT,0.6206,144.0,0.4347,42.4,,,0.6948,,,False,True,False
R02964,Ardiansyah & Ilafiah 2026,custom CNN,D,acquisition,acquisition,proximal RGB,convolutional,accuracy,bounded,0.92,0.11,,none,,,0.1196,81.0,,,,,,False,False,False
R02972,Ihianle et al. 2026,ConvNeXt-Tiny,D,acquisition+location,compound,proximal RGB,convolutional,macro F1,bounded,1.0,0.824,0.991,FT,0.986,,0.824,17.6,,,0.9205,0.9701,0.8315,False,True,False
R02972,Ihianle et al. 2026,MobileViTv2-0.5,D,acquisition+location,compound,proximal RGB,transformer / attention,macro F1,bounded,0.998,0.662,0.994,FT,0.948,,0.6633,33.6,,,0.8512,0.8614,0.666,False,True,False
R02972,Ihianle et al. 2026,EfficientNet-B0,D,acquisition+location,compound,proximal RGB,convolutional,macro F1,bounded,0.999,0.418,0.905,FT,0.96,,0.4184,58.1,,,0.9329,1.1129,0.4619,False,True,False
R02972,Ihianle et al. 2026,MobileNetV3-Small,D,acquisition+location,compound,proximal RGB,convolutional,macro F1,bounded,0.992,0.55,0.878,FT,0.921,,0.5544,44.2,,,0.8394,1.1311,0.6264,False,True,False
R03084,Wiguna et al. 2026,VGG16,D,acquisition+location,compound,proximal RGB,convolutional,accuracy,bounded,0.82,0.25,,none,,,0.3049,57.0,,,,,,False,False,False
R03135,Canoski et al. 2026,Swin-Tiny,D,acquisition,acquisition,proximal RGB,transformer / attention,accuracy,bounded,0.9984,0.1667,,none,,,0.167,83.17,,,,,,False,True,False
R03135,Canoski et al. 2026,Swin-Tiny,D,acquisition,acquisition,proximal RGB,transformer / attention,accuracy,bounded,0.8966,0.2902,,none,,,0.3237,60.64,,,,,,False,True,False
R03135,Canoski et al. 2026,Swin-Tiny,D,acquisition,acquisition,proximal RGB,transformer / attention,accuracy,bounded,0.9994,0.3218,,none,,,0.322,67.76,,,,,,False,True,False
R03135,Canoski et al. 2026,YOLO detector,D,acquisition+location,compound,proximal RGB,convolutional,mAP@0.5,bounded,0.371,0.001,,none,,,0.0027,37.0,,,,,,False,True,False
R03135,Canoski et al. 2026,YOLO detector,D,acquisition+location,compound,proximal RGB,convolutional,mAP@0.5,bounded,0.7551,0.0016,,none,,,0.0021,75.35,,,,,,False,True,False
R03136,Pimpalkar 2026,AGh-ISegN-DL (SegNet + attention GhostNet),D,acquisition+location,compound,proximal RGB,transformer / attention,accuracy,bounded,0.959,0.929,,none,,,0.9687,3.0,,,,,,False,False,False
R03206,Nyborg et al. 2022,PSE+LTAE with TPE-Recurrent,M,location,location,satellite / airborne,transformer / attention,macro F1 (%),bounded,0.946,0.865,,none,,,0.9144,8.1,,,,,,False,True,False
R03206,Nyborg et al. 2022,PSE+LTAE with TPE-Recurrent,M,location,location,satellite / airborne,transformer / attention,macro F1 (%),bounded,0.92,0.803,,none,,,0.8728,11.7,,,,,,False,True,False
R03206,Nyborg et al. 2022,PSE+LTAE with TPE-Recurrent,M,location,location,satellite / airborne,transformer / attention,macro F1 (%),bounded,0.931,0.86,,none,,,0.9237,7.1,,,,,,False,True,False
R03206,Nyborg et al. 2022,PSE+LTAE with TPE-Recurrent,M,location,location,satellite / airborne,transformer / attention,macro F1 (%),bounded,0.874,0.805,,none,,,0.9211,6.9,,,,,,False,True,False
R03206,Nyborg et al. 2022,PSE+LTAE (calendar time),M,location,location,satellite / airborne,transformer / attention,macro F1 (%),bounded,,0.68,0.918,DG,0.833,0.0,,,,,,0.6429,0.7407,False,True,False
R03314,Ergün et al. 2026,EfficientNet-B0,D,acquisition+location,compound,proximal RGB,convolutional,accuracy,bounded,0.9963,0.724,,none,,,0.7267,27.23,,,,,,False,False,False
R03314,Ergün et al. 2026,MobileNetV3-Large,D,acquisition+location,compound,proximal RGB,convolutional,accuracy,bounded,0.9963,0.706,,none,,,0.7086,29.03,,,,,,False,False,False
R03496,Zhang et al. 2026,ElasticNet (F4),Y,time,time,tabular / weather,classical ML,R2,r2,0.608,0.474,,none,,,,,0.134,,,,,False,False,False
R03496,Zhang et al. 2026,ElasticNet (F4),Y,location,location,tabular / weather,classical ML,R2,r2,0.608,0.29,,none,,,,,0.318,,,,,False,False,False
R03496,Zhang et al. 2026,ElasticNet (F4),Y,location+time,compound,tabular / weather,classical ML,R2,r2,0.608,-0.063,,none,,,,,0.671,,,,,False,False,False
R03499,Gao et al. 2026,YOLOv11-l,D,acquisition,acquisition,proximal RGB,convolutional,mAP@0.5 (%),bounded,0.9608,0.7076,,none,,,0.7365,25.32,,,,,,False,False,False
R03499,Gao et al. 2026,PLD-YOLO (proposed),D,acquisition,acquisition,proximal RGB,convolutional,mAP@0.5 (%),bounded,0.9858,0.7175,,none,,,0.7278,26.83,,,,,,False,False,False
R03499,Gao et al. 2026,RT-DETR,D,acquisition,acquisition,proximal RGB,transformer / attention,mAP@0.5 (%),bounded,0.9006,0.6884,,none,,,0.7644,21.22,,,,,,False,False,False
R03609,Dhawan 2026,CustomCNN,D,location+acquisition,compound,proximal RGB,convolutional,accuracy (%),bounded,0.9807,0.9446,,none,,,0.9632,3.61,,,,,,False,False,False
R03760,Mammadov et al. 2026,baseline CNN,M,location,location,satellite / airborne,convolutional,F1 (%),bounded,0.9135,0.61,0.468,FT,0.884,,0.6678,30.35,,,0.9028,,1.3034,False,False,True
R03760,Mammadov et al. 2026,baseline CNN,M,location,location,satellite / airborne,convolutional,F1 (%),bounded,0.9135,0.391,,none,,,0.428,52.25,,,,,,False,False,False
R03760,Mammadov et al. 2026,CROMA (fine-tuned foundation model),M,location,location,satellite / airborne,transformer / attention,F1 (%),bounded,0.9045,0.563,,FT,0.951,,0.6224,34.15,,,1.1362,,,False,False,True
R03760,Mammadov et al. 2026,AlphaEarth embeddings,M,location,location,satellite / airborne,transformer / attention,F1 (%),bounded,0.9135,0.058,,FT,0.957,,0.0635,85.55,,,1.0508,,,False,False,True
R03779,Bourriz et al. 2026,Random forest,M,location,location,satellite / airborne,classical ML,accuracy,bounded,0.95,0.83,,other,0.88,0.0,0.8737,12.0,,,0.4167,,,False,False,False
R03779,Bourriz et al. 2026,SVM,M,location,location,satellite / airborne,classical ML,accuracy,bounded,0.97,0.86,,other,0.9,0.0,0.8866,11.0,,,0.3636,,,False,False,False
R03779,Bourriz et al. 2026,TabPFN,M,location,location,satellite / airborne,transformer / attention,accuracy,bounded,0.99,0.8,,other,0.86,0.0,0.8081,19.0,,,0.3158,,,False,False,False
R03914,Solow et al. 2026,multi-task DL (base embedding),P,location,location,satellite / airborne,"other deep learning (MLP, DNN, unspecified)",RMSE (degC),error,,2.38,1.22,DG,1.8,0.0,,,,,,0.5,,False,True,False
R03914,Solow et al. 2026,multi-task DL (base embedding),P,location,location,satellite / airborne,"other deep learning (MLP, DNN, unspecified)",RMSE (degC),error,,2.02,1.52,DG,1.74,0.0,,,,,,0.56,,False,True,False
R03914,Solow et al. 2026,multi-task DL (base embedding),P,location,location,satellite / airborne,"other deep learning (MLP, DNN, unspecified)",RMSE (degC),error,,2.59,1.47,DG,1.58,0.0,,,,,,0.9018,,False,True,False
R03914,Solow et al. 2026,multi-task DL (base embedding),P,location,location,satellite / airborne,"other deep learning (MLP, DNN, unspecified)",RMSE (degC),error,,3.19,2.75,DG,2.63,0.0,,,,,,1.2727,,False,True,False
R04381,Gholizadeh et al. 2025,Faster R-CNN,O,time,time,UAV,convolutional,AP,bounded,0.888,0.981,,none,,,1.1047,-9.3,,,,,,False,True,False
R04381,Gholizadeh et al. 2025,Faster R-CNN,O,time,time,UAV,convolutional,AP,bounded,0.888,0.986,,none,,,1.1104,-9.8,,,,,,False,True,False
R04381,Gholizadeh et al. 2025,Faster R-CNN,O,time,time,UAV,convolutional,AP,bounded,0.888,0.739,,none,,,0.8322,14.9,,,,,,False,True,False
R04476,Celikkan et al. 2025,DeepLabv3+ (ResNet50),W,location+time,compound,UAV,convolutional,mIoU 3-class (%),bounded,0.7933,0.5255,,none,,,0.6624,26.78,,,,,,False,False,False
R04536,Singh et al. 2019,VGG16,D,acquisition,acquisition,proximal RGB,convolutional,accuracy (%),bounded,,0.1973,0.4452,FT,0.6041,,,,,,,1.641,0.4432,False,False,False
R04536,Singh et al. 2019,InceptionV3,D,acquisition,acquisition,proximal RGB,convolutional,accuracy (%),bounded,,0.3078,0.4667,FT,0.6206,,,,,,,1.9685,0.6595,False,False,False
R04536,Singh et al. 2019,InceptionResNetV2,D,acquisition,acquisition,proximal RGB,convolutional,accuracy (%),bounded,,0.3987,0.4904,FT,0.7053,,,,,,,3.3435,0.813,False,False,False
R04596,Singh et al. 2026,iEBT (energy-based transformer),P,time,time,satellite / airborne,transformer / attention,"R2 (mean of SM, LAI, PH)",r2,0.854,0.273,,none,,,,,0.581,,,,,False,True,False
R04596,Singh et al. 2026,iEBT (energy-based transformer),P,time,time,satellite / airborne,transformer / attention,"R2 (mean of SM, LAI, PH)",r2,0.854,0.701,,none,,,,,0.153,,,,,False,True,False
R04596,Singh et al. 2026,iEBT (energy-based transformer),P,time,time,satellite / airborne,transformer / attention,"R2 (mean of SM, LAI, PH)",r2,0.854,0.725,,none,,,,,0.129,,,,,False,True,False
R04596,Singh et al. 2026,Random forest,P,time,time,satellite / airborne,classical ML,"R2 (mean of SM, LAI, PH)",r2,0.728,0.176,,none,,,,,0.552,,,,,False,True,False
R04596,Singh et al. 2026,Random forest,P,time,time,satellite / airborne,classical ML,"R2 (mean of SM, LAI, PH)",r2,0.728,0.65,,none,,,,,0.078,,,,,False,True,False
R04596,Singh et al. 2026,Random forest,P,time,time,satellite / airborne,classical ML,"R2 (mean of SM, LAI, PH)",r2,0.728,0.447,,none,,,,,0.281,,,,,False,True,False
R04683,Prabhakar et al. 2026,detector (source-only),W,location+biological,compound,UAV,convolutional,mAP@0.5 (%),bounded,0.374,0.578,0.768,UDA,0.503,0.0,1.5455,-20.4,,,,-0.3947,0.7526,False,False,False
R04683,Prabhakar et al. 2026,detector (source-only),W,location+biological,compound,UAV,convolutional,mAP@0.5 (%),bounded,0.768,0.075,0.374,UDA,0.082,0.0,0.0977,69.3,,,0.0101,0.0234,0.2005,False,False,False
R04683,Prabhakar et al. 2026,detector (source-only),W,location+biological,compound,UAV,convolutional,mAP@0.5 (%),bounded,0.945,0.06,0.768,UDA,0.096,0.0,0.0635,88.5,,,0.0407,0.0508,0.0781,False,False,False
R04683,Prabhakar et al. 2026,detector (source-only),W,location+biological,compound,UAV,convolutional,mAP@0.5 (%),bounded,0.945,0.015,0.374,UDA,0.039,0.0,0.0159,93.0,,,0.0258,0.0669,0.0401,False,False,False
R04683,Prabhakar et al. 2026,detector (source-only),W,location+biological,compound,UAV,convolutional,mAP@0.5 (%),bounded,0.374,0.318,0.945,UDA,0.423,0.0,0.8503,5.6,,,1.875,0.1675,0.3365,False,False,False
R04683,Prabhakar et al. 2026,detector (source-only),W,location+biological,compound,UAV,convolutional,mAP@0.5 (%),bounded,0.768,0.188,0.945,UDA,0.369,0.0,0.2448,58.0,,,0.3121,0.2391,0.1989,False,False,False
R04683,Prabhakar et al. 2026,detector (source-only),W,location+biological,compound,UAV,convolutional,mAP@0.5 (%),bounded,,0.041,0.768,UDA,0.167,0.0,,,,,,0.1733,0.0534,False,False,False
R04933,Shigan et al. 2026,Gradient boosting,Y,location,location,tabular / weather,classical ML,R2,r2,0.3055,-0.1047,,none,,,,,0.4102,,,,,False,False,False
R05222,Martinko et al. 2026,RF-DETR Seg,O,biological+location,compound,proximal RGB,transformer / attention,mAP50-95 (%),bounded,0.814,0.491,,none,,,0.6032,32.3,,,,,,False,True,False
R05222,Martinko et al. 2026,RF-DETR Seg,O,biological+location,compound,proximal RGB,transformer / attention,mAP50-95 (%),bounded,0.764,0.384,,none,,,0.5026,38.0,,,,,,False,True,False
R05222,Martinko et al. 2026,RF-DETR Seg,O,acquisition+biological,compound,proximal RGB,transformer / attention,mAP50-95 (%),bounded,0.814,0.066,,none,,,0.0811,74.8,,,,,,False,True,False
R05222,Martinko et al. 2026,RF-DETR Seg,O,acquisition+biological,compound,proximal RGB,transformer / attention,mAP50-95 (%),bounded,0.907,0.123,,none,,,0.1356,78.4,,,,,,False,True,False
R05222,Martinko et al. 2026,RF-DETR Seg,O,biological+location,compound,proximal RGB,transformer / attention,mAP50-95 (%),bounded,0.814,0.354,,none,,,0.4349,46.0,,,,,,False,True,False
R05222,Martinko et al. 2026,RF-DETR Seg,O,biological+location,compound,proximal RGB,transformer / attention,mAP50-95 (%),bounded,0.764,0.315,,none,,,0.4123,44.9,,,,,,False,True,False
R05439,Yi et al. 2024,ResNet classifier,D,biological,biological,proximal RGB,convolutional,mean top-1 accuracy (%),bounded,,0.54,0.754,UDA,0.696,0.0,,,,,,0.729,0.7162,False,False,False
R05439,Yi et al. 2024,ResNet classifier,D,biological,biological,proximal RGB,convolutional,mean top-1 accuracy (%),bounded,,0.505,0.71,UDA,0.669,0.0,,,,,,0.8,0.7113,False,False,False
R05439,Yi et al. 2024,ResNet classifier,D,biological,biological,proximal RGB,convolutional,mean top-1 accuracy (%),bounded,,0.3283,0.7225,UDA,0.3202,0.0,,,,,,-0.0203,0.4543,False,False,True
R05439,Yi et al. 2024,ResNet classifier,D,biological,biological,proximal RGB,convolutional,mean top-1 accuracy (%),bounded,,0.1552,0.7165,UDA,0.1895,0.0,,,,,,0.061,0.2167,False,False,True
R05501,Yadav & Congalton 2020,phenology-based decision tree (OBIA),M,location,location,satellite / airborne,classical ML,overall accuracy (%),bounded,0.738,0.937,,none,,,1.2696,-19.9,,,,,,False,False,False
R05501,Yadav & Congalton 2020,phenology-based decision tree (OBIA),M,location,location,satellite / airborne,classical ML,overall accuracy (%),bounded,0.902,0.932,,none,,,1.0333,-3.0,,,,,,False,False,False
R05501,Yadav & Congalton 2020,phenology-based decision tree (OBIA),M,location,location,satellite / airborne,classical ML,overall accuracy (%),bounded,0.833,0.845,,none,,,1.0144,-1.2,,,,,,False,False,False
R05553,Benito-del-Valle et al. 2025,DINOv2 + multi-scale head,W,location+time,compound,proximal RGB,transformer / attention,species F1,bounded,0.91,0.56,,SSL,0.66,0.0,0.6154,35.0,,,0.2857,,,False,True,False
R05553,Benito-del-Valle et al. 2025,DINOv2 + multi-scale head,D,location+time,compound,proximal RGB,transformer / attention,damage F1,bounded,0.26,0.17,,SSL,0.27,0.0,0.6538,9.0,,,1.1111,,,False,True,False
R05553,Benito-del-Valle et al. 2025,DINOv2 + multi-scale head,W,sensor+time,compound,UAV,transformer / attention,species F1,bounded,0.91,0.49,,SSL,0.6,0.0,0.5385,42.0,,,0.2619,,,False,True,False
R06017,Milioto et al. 2017,"CNN, RGB input",W,location,location,proximal spectral,convolutional,mIoU pixel (%),bounded,0.5998,0.3825,,none,,,0.6377,21.73,,,,,,False,False,False
R06017,Milioto et al. 2017,"CNN, RGB input",W,location,location,proximal spectral,convolutional,mIoU pixel (%),bounded,0.5998,0.4809,,none,,,0.8018,11.89,,,,,,False,False,False
R06017,Milioto et al. 2017,CNN with 14 vegetation-index channels (proposed),W,location,location,proximal spectral,convolutional,mIoU pixel (%),bounded,0.808,0.4836,,none,,,0.5985,32.44,,,,,,False,False,False
R06017,Milioto et al. 2017,CNN with 14 vegetation-index channels (proposed),W,location,location,proximal spectral,convolutional,mIoU pixel (%),bounded,0.808,0.6112,,none,,,0.7564,19.68,,,,,,False,False,False
R06017,Milioto et al. 2017,CNN with 14 vegetation-index channels (proposed),W,location,location,proximal spectral,convolutional,object-wise mAcc (%),bounded,0.9474,0.7654,,FT,0.9188,100.0,0.8079,18.2,,,0.8429,,,False,False,False
R06033,Kamangir et al. 2026,YOLO detector,O,biological,biological,proximal RGB,convolutional,flower mAP@50 (%),bounded,0.763,0.746,,none,,,0.9777,1.7,,,,,,False,True,False
R06033,Kamangir et al. 2026,YOLO detector,O,time,time,proximal RGB,convolutional,flower mAP@50 (%),bounded,0.763,0.651,,none,,,0.8532,11.2,,,,,,False,True,True
R06033,Kamangir et al. 2026,YOLO detector,O,location,location,proximal RGB,convolutional,flower mAP@50 (%),bounded,0.763,0.595,,none,,,0.7798,16.8,,,,,,False,True,True
R06033,Kamangir et al. 2026,YOLO detector,O,biological,biological,proximal RGB,convolutional,pod mAP@50 (%),bounded,0.651,0.64,,none,,,0.9831,1.1,,,,,,False,True,False
R06033,Kamangir et al. 2026,YOLO detector,O,time,time,proximal RGB,convolutional,pod mAP@50 (%),bounded,0.651,0.509,,none,,,0.7819,14.2,,,,,,False,True,True
R06033,Kamangir et al. 2026,YOLO detector,O,location,location,proximal RGB,convolutional,pod mAP@50 (%),bounded,0.651,0.4975,,none,,,0.7642,15.35,,,,,,False,True,True
R06604,Lauwers et al. 2024,logistic regression on reflectance,W,location,location,UAV,classical ML,"F1 (plant level, 4-pixel threshold)",bounded,0.97,0.4,,UDA,0.46,0.0,0.4124,57.0,,,0.1053,,,False,False,False
R06604,Lauwers et al. 2024,logistic regression on reflectance,W,location,location,UAV,classical ML,"F1 (plant level, 4-pixel threshold)",bounded,0.97,0.1,,UDA,0.77,0.0,0.1031,87.0,,,0.7701,,,False,False,False
R06604,Lauwers et al. 2024,logistic regression on reflectance,W,location,location,UAV,classical ML,"F1 (plant level, 4-pixel threshold)",bounded,0.97,0.36,,UDA,0.39,0.0,0.3711,61.0,,,0.0492,,,False,False,False
R06617,Zhang et al. 2026,fully supervised ViT-Adapter,O,biological,biological,proximal RGB,transformer / attention,mIoU (%),bounded,0.9275,0.8959,,none,,,0.9659,3.16,,,,,,False,False,False
R06617,Zhang et al. 2026,DepthCropSeg++ (depth pseudo-label self-training),O,biological,biological,proximal RGB,transformer / attention,mIoU (%),bounded,0.9311,0.9009,,none,,,0.9676,3.02,,,,,,False,False,False
R06739,Li et al. 2023,MPSPNet,M,time,time,satellite / airborne,convolutional,overall accuracy,bounded,0.93,0.88,,none,,,0.9462,5.0,,,,,,False,False,False
R06739,Li et al. 2023,UNet,M,time,time,satellite / airborne,convolutional,overall accuracy,bounded,0.94,0.87,,none,,,0.9255,7.0,,,,,,False,False,False
R06739,Li et al. 2023,MPSPNet,M,time,time,satellite / airborne,convolutional,overall accuracy,bounded,0.92,0.87,,none,,,0.9457,5.0,,,,,,False,False,False
R06739,Li et al. 2023,UNet,M,time,time,satellite / airborne,convolutional,overall accuracy,bounded,0.92,0.86,,none,,,0.9348,6.0,,,,,,False,False,False
R06868,Li et al. 2026,multitask ST-LSTM,Y,time,time,UAV,recurrent,R2,r2,0.73,0.59,,none,,,,,0.14,,,,,False,False,False
R06868,Li et al. 2026,multitask ST-LSTM,Y,time,time,UAV,recurrent,R2,r2,0.73,0.63,,none,,,,,0.1,,,,,False,False,False
R02799,Aditya 2025,GNN-RNN,Y,location,location,satellite / airborne,recurrent,RMSE (bu/acre),error,,6.92,5.46,none,,,,,,,,,,False,True,False
R02799,Aditya 2025,GNN-RNN,Y,location,location,satellite / airborne,recurrent,RMSE (bu/acre),error,,9.75,6.15,none,,,,,,,,,,False,True,False
R02799,Aditya 2025,GNN-RNN,Y,location,location,satellite / airborne,recurrent,RMSE (bu/acre),error,,11.11,7.11,none,,,,,,,,,,False,True,False
R02799,Aditya 2025,GNN-RNN,Y,location,location,satellite / airborne,recurrent,RMSE (bu/acre),error,,27.62,26.69,none,,,,,,,,,,False,True,False
R02799,Aditya 2025,GNN-RNN,Y,location,location,satellite / airborne,recurrent,RMSE (bu/acre),error,,27.75,22.67,none,,,,,,,,,,False,True,False
R02799,Aditya 2025,GNN-RNN,Y,location,location,satellite / airborne,recurrent,RMSE (bu/acre),error,,32.07,21.65,none,,,,,,,,,,False,True,False
R02799,Aditya 2025,MMST-ViT,Y,location,location,satellite / airborne,transformer / attention,RMSE (bu/acre),error,,9.04,8.93,none,,,,,,,,,,False,True,False
R02799,Aditya 2025,MMST-ViT,Y,location,location,satellite / airborne,transformer / attention,RMSE (bu/acre),error,,11.63,10.18,none,,,,,,,,,,False,True,False
R02799,Aditya 2025,MMST-ViT,Y,location,location,satellite / airborne,transformer / attention,RMSE (bu/acre),error,,12.19,11.33,none,,,,,,,,,,False,True,False
R02799,Aditya 2025,MMST-ViT,Y,location,location,satellite / airborne,transformer / attention,RMSE (bu/acre),error,,30.92,26.06,none,,,,,,,,,,False,True,False
R02799,Aditya 2025,MMST-ViT,Y,location,location,satellite / airborne,transformer / attention,RMSE (bu/acre),error,,34.93,33.37,none,,,,,,,,,,False,True,False
R02799,Aditya 2025,MMST-ViT,Y,location,location,satellite / airborne,transformer / attention,RMSE (bu/acre),error,,50.26,43.61,none,,,,,,,,,,False,True,False
R02800,Melki et al. 2025,ResNet-50,W,location,location,proximal RGB,convolutional,"macro F1 (6 classes, derived)",bounded,0.843,0.695,,none,,,0.8244,14.8,,,,,,False,True,False
R00011,Xu et al. 2020,DeepCropMapping (LSTM + attention),M,location,location,satellite / airborne,transformer / attention,kappa (%),bounded,0.858,0.82,,none,,,0.9557,3.8,,,,,,True,False,False
R00014,Bouacida et al. 2024,small Inception (lesion-region based),D,biological+acquisition,compound,proximal RGB,convolutional,accuracy (%),bounded,0.9404,0.9713,,none,,,1.0329,-3.09,,,,,,True,False,False
R00049,Stiller et al. 2024,"CNN (two DL architectures, pooled)",Y,location,location,UAV,convolutional,Pearson r,corr,0.98,0.18,,none,,,,,,,,,,True,False,False
R00049,Stiller et al. 2024,"CNN (two DL architectures, pooled)",Y,location,location,UAV,convolutional,Pearson r,corr,0.73,0.07,,none,,,,,,,,,,True,False,False
R00088,Wijesingha et al. 2024,Random forest,M,time,time,satellite / airborne,classical ML,macro F1,bounded,0.74,0.67,,none,,,0.9054,7.0,,,,,,True,False,False
R00088,Wijesingha et al. 2024,Random forest,M,location,location,satellite / airborne,classical ML,macro F1,bounded,0.74,0.66,,none,,,0.8919,8.0,,,,,,True,False,False
R00088,Wijesingha et al. 2024,Random forest,M,location+time,compound,satellite / airborne,classical ML,macro F1,bounded,0.74,0.62,,none,,,0.8378,12.0,,,,,,True,False,False
R00088,Wijesingha et al. 2024,2D CNN,M,time,time,satellite / airborne,convolutional,macro F1,bounded,0.75,0.68,,none,,,0.9067,7.0,,,,,,True,False,False
R00088,Wijesingha et al. 2024,2D CNN,M,location,location,satellite / airborne,convolutional,macro F1,bounded,0.75,0.62,,none,,,0.8267,13.0,,,,,,True,False,False
R00088,Wijesingha et al. 2024,2D CNN,M,location+time,compound,satellite / airborne,convolutional,macro F1,bounded,0.75,0.58,,none,,,0.7733,17.0,,,,,,True,False,False
R00172,Gómez et al. 2021,Random forest (no feature selection),Y,time,time,satellite / airborne,classical ML,R2,r2,0.84,0.81,,none,,,,,0.03,,,,,True,False,False
R00439,Pandžić et al. 2024,best of RF/CNN/Transformer,M,time,time,satellite / airborne,transformer / attention,F1 (%),bounded,,0.78,0.88,none,,,,,,,,,0.8864,True,False,False
R00529,Haagsma et al. 2023,ML pixel classifier (full spectrum),D,acquisition,acquisition,proximal spectral,classical ML,accuracy (%),bounded,0.697,0.649,,none,,,0.9311,4.8,,,,,,True,False,False
R00529,Haagsma et al. 2023,ML pixel classifier (4 broad bands),D,acquisition,acquisition,proximal spectral,classical ML,accuracy (%),bounded,0.713,0.619,,none,,,0.8682,9.4,,,,,,True,False,False
R00534,Liu et al. 2025,USTAnet,Y,sensor,sensor,satellite / airborne,convolutional,R2,r2,0.817,0.758,,none,,,,,0.059,,,,,True,False,False
R00581,Liao et al. 2023,ResNet101-LSTM with SE,D,time,time,UAV,recurrent,accuracy (%),bounded,0.8538,0.8125,,none,,,0.9516,4.13,,,,,,True,False,False
R00581,Liao et al. 2023,ResNet101-LSTM with SE,D,time,time,UAV,recurrent,accuracy (%),bounded,0.8838,0.825,,none,,,0.9335,5.88,,,,,,True,False,False
R00582,Li et al. 2024,PST-LSTM,M,location,location,satellite / airborne,recurrent,overall accuracy (%),bounded,0.9316,0.9095,,none,,,0.9763,2.21,,,,,,True,False,False
R00582,Li et al. 2024,PST-LSTM,M,location,location,satellite / airborne,recurrent,overall accuracy (%),bounded,0.9316,0.9141,,none,,,0.9812,1.75,,,,,,True,False,False
R00582,Li et al. 2024,PST-LSTM,M,location,location,satellite / airborne,recurrent,overall accuracy (%),bounded,0.9316,0.8075,,none,,,0.8668,12.41,,,,,,True,False,False
R00595,Zhang et al. 2022,Random forest (UNVI-AT features),M,time,time,satellite / airborne,classical ML,F1,bounded,0.915,0.91,,none,,,0.9945,0.5,,,,,,True,False,False
R00595,Zhang et al. 2022,Random forest (UNVI-time features),M,time,time,satellite / airborne,classical ML,F1,bounded,0.845,0.84,,none,,,0.9941,0.5,,,,,,True,False,False
R00605,Rahman et al. 2026,MaizeFormerX (ViT),D,location+acquisition,compound,proximal RGB,transformer / attention,accuracy (%),bounded,0.978,0.889,,none,,,0.909,8.9,,,,,,True,False,False
R00747,Wang et al. 2024,GCFC (graph convolutional fusion CNN),M,location,location,satellite / airborne,convolutional,accuracy (%),bounded,0.9998,0.9611,,none,,,0.9613,3.87,,,,,,True,False,False
R00815,Li. et al. 2024,YOLOv5,O,location+time,compound,proximal RGB,convolutional,mAP (%),bounded,0.9131,0.8614,,none,,,0.9434,5.17,,,,,,True,False,False
R00815,Li. et al. 2024,CenterNet,O,location+time,compound,proximal RGB,convolutional,mAP (%),bounded,0.8543,0.8017,,none,,,0.9384,5.26,,,,,,True,False,False
R00815,Li. et al. 2024,YOLOv3,O,location+time,compound,proximal RGB,convolutional,mAP (%),bounded,0.81,0.692,,none,,,0.8543,11.8,,,,,,True,False,False
R01048,Xiao et al. 2025,ToxicNet-MS,D,time,time,proximal spectral,"other deep learning (MLP, DNN, unspecified)",accuracy (%),bounded,0.9138,0.8333,,none,,,0.9119,8.05,,,,,,True,False,False
R01048,Xiao et al. 2025,ToxicNet-MS,D,time,time,proximal spectral,"other deep learning (MLP, DNN, unspecified)",accuracy (%),bounded,0.9138,0.8989,,none,,,0.9837,1.49,,,,,,True,False,False
R01166,Li et al. 2025,GrowAI (multimodal fusion),P,time,time,UAV,"other deep learning (MLP, DNN, unspecified)",overall accuracy,bounded,0.937,0.977,,none,,,1.0427,-4.0,,,,,,True,False,False
R01309,Luciano et al. 2018,Random forest (object-based),M,time,time,satellite / airborne,classical ML,Dice coefficient,bounded,0.94,0.84,,DG,0.91,0.0,0.8936,10.0,,,0.7,,,True,False,False
R01498,Yi et al. 2025,CNN/transformer models (mean of eight),D,biological+time,compound,UAV,transformer / attention,accuracy (%),bounded,0.78,0.18,,none,,,0.2308,60.0,,,,,,True,False,False
R01611,Amin et al. 2023,"ML regression (best of GPR, KRR, RF)",Y,time,time,satellite / airborne,classical ML,RMSE (t/ha),error,0.71,0.97,,none,,,,,,1.3662,,,,True,False,False
R01791,Zhang et al. 2026,GoogLeNet + SE (multispectral),D,time,time,UAV,convolutional,F1,bounded,0.914,0.787,,none,,,0.8611,12.7,,,,,,True,False,False
R01867,Li et al. 2026,Random forest,M,time,time,satellite / airborne,classical ML,overall accuracy (%),bounded,0.9604,0.9406,0.9481,none,,,0.9794,1.98,,,,,0.9921,True,False,False
R02151,Kumar et al. 2026,H-MSVT (ViT + EfficientNet-B4),D,acquisition,acquisition,proximal RGB,transformer / attention,accuracy (%),bounded,0.993,0.928,,none,,,0.9345,6.5,,,,,,True,True,False
R02189,Boruah et al. 2026,MoCE-ViT,D,location+time,compound,UAV,transformer / attention,accuracy (%),bounded,0.9695,0.8877,,none,,,0.9156,8.18,,,,,,True,False,False
R02189,Boruah et al. 2026,MoCE-ViT,D,location+time,compound,UAV,transformer / attention,accuracy (%),bounded,0.9695,0.9305,,none,,,0.9598,3.9,,,,,,True,False,False
R02215,Deng & Lu 2026,YOLOv8l,W,time,time,proximal RGB,convolutional,AP@50 (%),bounded,0.91,0.488,,none,,,0.5363,42.2,,,,,,True,False,False
R02215,Deng & Lu 2026,YOLOv8l,W,time,time,proximal RGB,convolutional,AP@50 (%),bounded,0.91,0.379,,none,,,0.4165,53.1,,,,,,True,False,False
R02215,Deng & Lu 2026,Grounding DINO (text labels),W,time,time,proximal RGB,transformer / attention,AP@50 (%),bounded,0.913,0.609,,none,,,0.667,30.4,,,,,,True,False,False
R02215,Deng & Lu 2026,Grounding DINO (text labels),W,time,time,proximal RGB,transformer / attention,AP@50 (%),bounded,0.913,0.456,,none,,,0.4995,45.7,,,,,,True,False,False
R02340,Gupta & Jadon 2026,EfficientNet-B4 + ViT hybrid (field-style augmentation),D,acquisition,acquisition,proximal RGB,transformer / attention,accuracy (%),bounded,0.945,0.72,,none,,,0.7619,22.5,,,,,,True,False,False
R02374,Abdoulaye et al. 2026,stacked CNN features + MLP,D,acquisition+location,compound,proximal RGB,convolutional,accuracy (%),bounded,0.9604,0.5518,,FT,0.9019,,0.5746,40.86,,,0.8568,,,True,False,False
R02488,Mohanty et al. 2026,MaxViT + ConvNeXt ensemble,D,sensor,sensor,UAV,transformer / attention,accuracy (%),bounded,0.8708,0.4,,FT,0.97,,0.4593,47.08,,,1.2107,,,True,False,False
R02496,Sen & Prerna 2026,MobileNetV2,D,acquisition,acquisition,proximal RGB,convolutional,accuracy (%),bounded,0.942,0.795,,none,,,0.8439,14.7,,,,,,True,True,False
R02657,Jiaze et al. 2026,PSO-XGBoost,Y,location,location,tabular / weather,classical ML,R2,r2,0.91,0.847,,none,,,,,0.063,,,,,True,False,False
R02707,Angga et al. 2026,EfficientNetB4 + ViT,D,acquisition+location,compound,proximal RGB,transformer / attention,accuracy (%),bounded,0.9825,0.875,,FT,1.0,,0.8906,10.75,,,1.1628,,,True,False,False
R02818,Arizo-García et al. 2026,KNN,P,biological+location,compound,satellite / airborne,classical ML,accuracy,bounded,0.977,0.965,,none,,,0.9877,1.2,,,,,,True,False,False
R02830,Fan et al. 2026,WMA-YieldNet,Y,location+time,compound,tabular / weather,"other deep learning (MLP, DNN, unspecified)",R2,r2,0.8,0.75,,none,,,,,0.05,,,,,True,False,False
R02950,Zheng et al. 2026,Random forest (Bayesian-optimised),M,time,time,satellite / airborne,classical ML,overall accuracy (%),bounded,0.9382,0.9213,,none,,,0.982,1.69,,,,,,True,False,False
R02950,Zheng et al. 2026,Random forest (Bayesian-optimised),M,time,time,satellite / airborne,classical ML,overall accuracy (%),bounded,0.9382,0.9101,,none,,,0.97,2.81,,,,,,True,False,False
R03010,Li et al. 2026,receptive-field-enhanced segmentation network,M,time,time,satellite / airborne,convolutional,mIoU (%),bounded,0.8562,0.8281,,none,,,0.9672,2.81,,,,,,True,False,False
R03010,Li et al. 2026,receptive-field-enhanced segmentation network,M,location,location,satellite / airborne,convolutional,mIoU (%),bounded,0.8562,0.7456,,none,,,0.8708,11.06,,,,,,True,False,False
R03125,Wang et al. 2025,binary logistic regression,M,location,location,satellite / airborne,classical ML,overall accuracy,bounded,0.9,0.88,,none,,,0.9778,2.0,,,,,,True,False,False
R03125,Wang et al. 2025,binary logistic regression,M,location+time,compound,satellite / airborne,classical ML,overall accuracy,bounded,0.9,0.87,,none,,,0.9667,3.0,,,,,,True,False,False
R03177,Qadri et al. 2026,DDAN-RGAL,D,acquisition,acquisition,proximal RGB,"other deep learning (MLP, DNN, unspecified)",accuracy (%),bounded,0.987,0.948,,other-only,,,,,,,,,,True,False,False
R03417,Fine et al. 2026,mid-fusion Swin + LTAE,M,time,time,satellite / airborne,transformer / attention,overall accuracy,bounded,0.89,0.881,,none,,,0.9899,0.9,,,,,,True,False,False
R03417,Fine et al. 2026,Swin Transformer (VHR only),M,time,time,satellite / airborne,transformer / attention,overall accuracy,bounded,0.846,0.795,,none,,,0.9397,5.1,,,,,,True,False,False
R03470,Yiyue et al. 2026,XGBoost,P,location,location,proximal spectral,classical ML,R2,r2,,0.61,0.71,FT,0.75,,,,,,,1.4,,True,False,True
R03478,Lin et al. 2026,Random forest,M,time,time,satellite / airborne,classical ML,overall accuracy (%),bounded,0.9455,0.9018,,none,,,0.9539,4.361,,,,,,True,False,False
R03493,Wu et al. 2026,Random forest (SAVI features),P,time,time,proximal spectral,classical ML,R2,r2,0.597,0.655,,none,,,,,-0.058,,,,,True,False,False
R03493,Wu et al. 2026,Random forest (SAVI features),P,time,time,proximal spectral,classical ML,R2,r2,0.597,0.611,,none,,,,,-0.014,,,,,True,False,False
R03620,Wang et al. 2026,GUMatch (DINOv2-B),D,location,location,UAV,transformer / attention,mIoU (%),bounded,0.8672,0.6834,,none,,,0.7881,18.38,,,,,,True,False,False
R03649,Han et al. 2026,ML regression on AGB growth parameters,Y,location+time,compound,UAV,classical ML,R2,r2,0.87,0.85,,none,,,,,0.02,,,,,True,False,False
R03937,Bazrafkan et al. 2026,stacking ensemble (RF meta-learner),P,location+time,compound,UAV,classical ML,RMSE (days),error,2.4,3.55,,none,,,,,,1.4792,,,,True,False,False
R04471,Lin et al. 2025,temporal-difference decision tree,M,time,time,satellite / airborne,classical ML,overall accuracy,bounded,0.9291,0.8621,,none,,,0.9279,6.7,,,,,,True,False,False
R04471,Lin et al. 2025,temporal-difference decision tree,M,time,time,satellite / airborne,classical ML,overall accuracy,bounded,0.9291,0.8816,,none,,,0.9489,4.75,,,,,,True,False,False
R04716,S. & K. 2025,DANN,D,acquisition+location,compound,proximal RGB,"other deep learning (MLP, DNN, unspecified)",accuracy (%),bounded,0.9505,0.924,,UDA-only,,,,,,,,,,True,False,False
R04738,Arsa et al. 2024,segmentation network with ISW,W,location+acquisition,compound,proximal RGB,convolutional,mIoU,bounded,0.938,0.644,,DG-only,,,,,,,,,,True,False,False
R04738,Arsa et al. 2024,segmentation network with ISW,W,location+acquisition,compound,proximal RGB,convolutional,mIoU,bounded,0.938,0.565,,DG-only,,,,,,,,,,True,False,False
R04864,Deng et al. 2026,RS foundation encoder + WaveSegHead,D,time,time,UAV,transformer / attention,mIoU (%),bounded,0.8562,0.7814,,none,,,0.9126,7.48,,,,,,True,False,False
R04887,Alpysbay et al. 2026,XGBoost,Y,location,location,satellite / airborne,classical ML,R2,r2,0.69,0.65,,none,,,,,0.04,,,,,True,False,False
R05129,Xu & Lu 2026,ULite-soft,M,location+time,compound,satellite / airborne,convolutional,overall accuracy,bounded,0.8439,0.94,,none,,,1.1139,-9.61,,,,,,True,False,False
R05129,Xu & Lu 2026,ULite-soft,M,location+time,compound,satellite / airborne,convolutional,overall accuracy,bounded,0.8439,0.9,,none,,,1.0665,-5.61,,,,,,True,False,False
R05177,Liu et al. 2026,crop/weed detector (representative),W,acquisition+location,compound,proximal RGB,convolutional,mAP50-95,bounded,0.669,0.409,,none,,,0.6114,26.0,,,,,,True,False,False
R05384,Picón et al. 2025,prior baseline segmenter,W,location+time+sensor,compound,proximal RGB,convolutional,species F1,bounded,0.52,0.24,,none,,,0.4615,28.0,,,,,,True,False,False
R05384,Picón et al. 2025,prior baseline segmenter,W,sensor,sensor,UAV,convolutional,species F1,bounded,0.52,0.14,,none,,,0.2692,38.0,,,,,,True,False,False
R05384,Picón et al. 2025,DINOv2 + hierarchical inference,W,location+time+sensor,compound,proximal RGB,transformer / attention,species F1,bounded,0.87,0.77,,none,,,0.8851,10.0,,,,,,True,False,False
R05384,Picón et al. 2025,DINOv2 + hierarchical inference,W,sensor,sensor,UAV,transformer / attention,species F1,bounded,0.87,0.44,,none,,,0.5057,43.0,,,,,,True,False,False
R05741,Chowdhury et al. 2026,YOLOv11m,O,acquisition,acquisition,proximal spectral,convolutional,mAP@0.5 (%),bounded,0.984,0.974,,none,,,0.9898,1.0,,,,,,True,False,False
R05746,Sun et al. 2024,1D-CNN (SMOTE + FOD),D,location,location,proximal spectral,convolutional,overall accuracy (%),bounded,0.8881,0.8276,,none,,,0.9319,6.05,,,,,,True,False,False
R05809,Naito et al. 2024,fruit detector,O,location,location,proximal RGB,convolutional,AP50,bounded,0.973,0.962,,none,,,0.9887,1.1,,,,,,True,False,False
R05853,Shapay et al. 2026,CNN classifier,D,acquisition,acquisition,proximal RGB,convolutional,accuracy (%),bounded,0.989,0.419,,FT,0.791,,0.4237,57.0,,,0.6526,,,True,False,False
R05957,Chin & Suhaili 2025,ViT with class-specific cross-attention + MIAP,D,acquisition+location,compound,proximal RGB,transformer / attention,accuracy (%),bounded,0.925,0.623,,none,,,0.6735,30.2,,,,,,True,False,False
R06109,Agila & Fernandez 2026,season-aware hybrid CNN,D,time,time,proximal RGB,convolutional,accuracy (%),bounded,0.9834,0.9792,,none,,,0.9957,0.42,,,,,,True,False,False
R06278,Triet et al. 2026,YOLOv10 RGB-D with pose head,O,location,location,proximal RGB,convolutional,mAP50 (%),bounded,0.978,0.94,,none,,,0.9611,3.8,,,,,,True,False,False
R06289,Siddarth et al. 2026,EfficientNet-B0,D,acquisition,acquisition,proximal RGB,convolutional,accuracy (%),bounded,0.99,0.52,,DG,0.65,0.0,0.5253,47.0,,,0.2766,,,True,False,False
R06289,Siddarth et al. 2026,EfficientNet-B0,D,acquisition,acquisition,proximal RGB,convolutional,accuracy (%),bounded,0.99,0.52,,UDA,0.77,0.0,0.5253,47.0,,,0.5319,,,True,False,False
R06635,Sun et al. 2026,DPCSN,D,biological,biological,UAV,convolutional,mIoU (%),bounded,0.8702,0.8657,,DG-only,,,,,,,,,,True,False,False
R06920,Ismail et al. 2025,ViT (ViTXAI-RDD),D,location+acquisition,compound,proximal RGB,transformer / attention,accuracy (%),bounded,0.98,0.38,,none,,,0.3878,60.0,,,,,,True,False,False
R07131,Vegulla 2026,MobileNetV2 (float32),D,acquisition,acquisition,proximal RGB,convolutional,accuracy (%),bounded,0.9867,0.1743,,none,,,0.1766,81.24,,,,,,True,True,True
R07172,chang et al. 2026,SAF-CropNet,M,location,location,satellite / airborne,convolutional,F1,bounded,0.855,0.4986,,FT,0.7698,,0.5832,35.64,,,0.7609,,,True,False,False
R07372,Si et al. 2026,Full-memory GEM-MLP,D,time,time,proximal spectral,"other deep learning (MLP, DNN, unspecified)",balanced recall (%),bounded,0.6635,0.6965,,none,,,1.0497,-3.3,,,,,,True,False,True
R07395,Singla et al. 2026,EfficientNetV2-S + Attention-BiLSTM + KELM,D,acquisition,acquisition,proximal RGB,transformer / attention,accuracy (%),bounded,0.9948,0.7834,,none,,,0.7875,21.14,,,,,,True,False,False
R07405,Liu et al. 2026,ST-LodgeDirMamba,D,location,location,proximal RGB,transformer / attention,R2,r2,0.94,0.92,,none,,,,,0.02,,,,,True,False,False
R07405,Liu et al. 2026,ST-LodgeDirMamba,D,location,location,proximal RGB,transformer / attention,R2,r2,0.94,0.91,,none,,,,,0.03,,,,,True,False,False
X00001,Mohanty et al. 2016,"GoogLeNet (transfer learning, colour)",D,acquisition,acquisition,proximal RGB,convolutional,accuracy (%),bounded,0.9935,0.314,,none,,,0.3161,67.95,,,,,,False,False,False
X00001,Mohanty et al. 2016,"GoogLeNet (transfer learning, colour)",D,acquisition,acquisition,proximal RGB,convolutional,accuracy (%),bounded,0.9935,0.3169,,none,,,0.319,67.66,,,,,,False,False,False
